query_id,query_hash,num_permanent_tables_accessed,read_table_ids,num_joins,mbytes_scanned,execution_duration_ms,rows_returned,status,error_msg,source_num_joins,source_mbytes_scanned
q01.sql,1c267055,2,"4,6",1,119.934,94.42,1,ok,,1,4.049
q02.sql,3aaa8941,12,"1,2,4,5,6,8,9,10,11,16,18,19",11,723.136,6074.53,1,ok,,11,1.493
q03.sql,df177135,3,"2,8,13",2,327.594,51.96,1,ok,,2,39.356
q04.sql,370060c3,3,"1,2,8",2,544.52,721.16,1,ok,,2,40.506
q05.sql,7c28ed87,18,"1,2,3,4,5,6,7,8,9,10,11,12,13,16,18,19,20,21",17,760.472,33698.88,,timeout,INTERRUPT Error: Interrupted!,17,11.589
q06.sql,ae2eba1d,5,"2,8,11,16,19",4,332.477,108.43,1,ok,,4,41.706
q07.sql,ff6b0c30,5,"2,8,11,13,19",4,333.017,177.99,1,ok,,4,50.89
q08.sql,e8680143,6,"2,4,6,9,10,16",5,438.505,1.47,1,ok,,5,38.907
q09.sql,3ff0e3f8,1,2,0,296.714,54.28,1,ok,,0,37.445
q10.sql,50ca0c1a,3,"2,3,8",2,340.626,124.03,1,ok,,2,13.875
q11.sql,d6db2364,3,"2,8,9",2,338.094,219.46,1,ok,,2,40.506
q12.sql,52e9b572,3,"1,5,8",2,279.209,842.91,1,ok,,2,11.982
q13.sql,e492e11b,6,"2,8,9,15,16,17",5,338.215,28.33,1,ok,,5,51.21
q14.sql,3b553020,6,"1,4,8,10,11,19",5,309.886,188.44,1,ok,,5,1.919
q15.sql,070816e4,4,"4,6,9,16",3,130.975,1.49,1,ok,,3,23.993
q16.sql,12733516,4,"1,4,6,10",3,348.216,226.64,1,ok,,3,22.401
q17.sql,19174eef,8,"2,7,8,9,12,13,16,20",7,361.858,115.18,1,ok,,7,62.126
q18.sql,5e298f89,7,"2,3,7,8,12,13,20",6,364.389,441.2,1,ok,,6,35.967
q19.sql,06953b06,6,"2,7,8,13,20,21",5,348.468,100.07,1,ok,,5,41.707
q20.sql,caeb7e4f,3,"4,6,10",2,130.75,235.0,1,ok,,2,22.093
q21.sql,2ce9b5e3,7,"1,4,7,8,10,13,20",6,325.878,514.01,1,ok,,6,1.927
q22.sql,f56de7a6,3,"1,8,18",2,247.806,147.01,1,ok,,2,37.146
q23.sql,05e4f927,6,"1,2,6,8,9,16",5,629.652,36767.99,,timeout,INTERRUPT Error: Interrupted!,5,38.906
q24.sql,dd9a2502,6,"2,8,11,13,16,20",5,333.017,69.14,1,ok,,5,42.833
q25.sql,04f2e57c,8,"1,2,4,5,6,8,10,16",7,706.674,4.43,1,ok,,7,62.126
q26.sql,d0faccba,5,"3,8,9,13,14",4,56.566,76.08,1,ok,,4,33.626
q27.sql,6b38707d,5,"2,8,9,13,16",4,338.635,86.78,1,ok,,4,50.882
q28.sql,803ec7f8,3,"1,5,18",2,248.869,1389.7,1,ok,,2,0.008
q29.sql,ab377712,8,"1,2,4,5,6,8,10,16",7,706.674,4.37,1,ok,,7,62.126
q30.sql,2f6e11d2,3,"1,4,10",2,274.125,190.52,1,ok,,2,2.857
q31.sql,6f782ca2,3,"2,8,15",2,327.174,18.35,1,ok,,2,39.656
q32.sql,caeb7e4f,3,"4,6,10",2,130.75,212.55,1,ok,,2,22.093
q33.sql,1cdbe490,4,"2,6,8,16",3,401.146,1.22,1,ok,,3,40.106
q34.sql,b59321b9,6,"1,4,6,9,10,16",5,359.257,2.41,1,ok,,5,1.506
q35.sql,6ca61507,3,"3,8,14",2,44.985,45.9,1,ok,,2,13.875
q36.sql,d156f0de,4,"2,8,13,16",3,327.595,147.13,1,ok,,3,39.357
q37.sql,0cada3d4,4,"1,4,10,18",3,274.125,322.12,1,ok,,3,57.328
q38.sql,7d190a24,5,"7,8,12,19,21",4,53.563,78.67,1,ok,,4,3.077
q39.sql,617fb161,9,"1,2,4,6,8,10,13,16,20",8,675.811,731.57,1,ok,,8,1.951
q40.sql,4dd6a5f2,2,"1,4",1,263.308,545.04,1,ok,,1,21.478
q41.sql,b20227db,1,13,0,0.54,0.83,1,ok,,0,0.45
q42.sql,bcb0c9d7,3,"2,8,13",2,327.594,150.27,1,ok,,2,39.356
q43.sql,37b420d5,3,"2,8,19",2,327.054,263.02,1,ok,,2,38.907
q44.sql,34b317ab,2,"1,5",1,248.869,609.29,1,ok,,1,0.008
q45.sql,0cc323f3,5,"1,5,8,13,20",4,279.75,179.5,1,ok,,4,14.332
q46.sql,575b9c85,9,"2,4,6,7,8,10,12,16,21",8,481.028,1.37,1,ok,,8,2.264
q47.sql,7badb473,4,"2,8,9,16",3,338.095,468.93,1,ok,,3,39.357
q48.sql,1688ffdb,5,"2,6,8,9,16",4,412.186,2.08,1,ok,,4,51.182
q49.sql,63949d9a,11,"1,2,4,6,7,8,9,11,12,16,18",10,704.14,25.89,1,ok,,10,4.562
q50.sql,c2474c06,5,"2,4,6,10,16",4,427.465,1.1,1,ok,,4,41.494
q51.sql,9997ed31,3,"1,5,18",2,248.869,1358.42,1,ok,,2,11.54
q52.sql,98ba226e,3,"2,9,16",2,307.755,1.08,1,ok,,2,39.356
q53.sql,6248ee49,6,"2,4,6,8,9,16",5,458.029,462.93,1,ok,,5,38.923
q54.sql,c34694c5,8,"2,3,8,9,13,14,16,20",7,353.28,143.52,1,ok,,7,3.543
q55.sql,33e53e55,3,"2,9,16",2,307.755,1.71,1,ok,,2,39.356
q56.sql,09cba970,4,"2,6,8,16",3,401.146,1.14,1,ok,,3,40.106
q57.sql,313fdb1f,4,"1,4,6,10",3,348.216,350.91,1,ok,,3,22.101
q58.sql,093b0611,3,"2,6,16",2,370.806,1.04,1,ok,,2,39.356
q59.sql,c9a2cab1,2,"2,8",1,327.054,465.13,1,ok,,1,38.906
q60.sql,2bc9a2e0,4,"2,8,9,16",3,338.095,498.35,1,ok,,3,40.106
q61.sql,f6ef2b67,7,"3,7,8,11,13,14,19",6,71.82,89.46,1,ok,,6,4.27
q62.sql,fd091e1a,8,"1,4,5,8,10,11,18,19",7,341.29,1228.32,1,ok,,7,11.533
q63.sql,eee4c869,6,"2,4,6,8,9,16",5,458.029,121.58,1,ok,,5,38.923
q64.sql,5b7fe55c,2,"4,10",1,56.659,109.15,1,ok,,1,21.478
q65.sql,d7a65abf,7,"1,4,5,6,9,10,16",6,390.66,3.91,1,ok,,6,1.935
q66.sql,63d08255,21,"1,2,3,4,5,6,7,8,9,10,11,12,13,14,15,16,17,18,19,20,21",20,761.665,11.15,1,ok,,36,2.044
q67.sql,00bcd5ff,10,"1,4,5,6,7,8,10,12,16,18",9,433.183,4503.76,1,ok,,9,0.072
q68.sql,7b7a447f,10,"1,4,5,6,8,10,15,16,17,18",9,410.08,882.18,1,ok,,9,2.264
q69.sql,91750231,3,"1,3,8",2,261.378,253.85,1,ok,,2,13.875
q70.sql,6c522525,3,"2,8,9",2,338.094,131.37,1,ok,,2,38.907
q71.sql,0fb48ba7,6,"1,4,6,10,16,18",5,348.217,761.87,1,ok,,5,1.935
q72.sql,62c8def0,11,"1,3,4,5,7,8,12,15,17,18,21",10,361.966,160.65,1,ok,,10,70.187
q73.sql,29bd6108,6,"1,4,6,10,16,18",5,348.217,277.61,1,ok,,5,1.506
q74.sql,4803781a,3,"2,8,16",2,327.054,206.23,1,ok,,2,40.506
q75.sql,23792dea,18,"1,2,3,4,5,6,7,8,9,10,11,13,15,16,17,18,19,20",17,758.242,2.49,1,ok,,17,6.489
q76.sql,bd5516dd,8,"1,4,5,6,8,10,13,18",7,410.5,223.6,1,ok,,7,1.943
q77.sql,f5fa6141,5,"1,2,8,15,17",4,544.64,192.73,1,ok,,4,38.923
q78.sql,545843b0,9,"1,4,5,6,8,9,10,11,16",8,426.422,1291.34,1,ok,,8,16.078
q79.sql,26a154fd,8,"4,6,8,9,10,15,16,17",7,172.251,1.31,1,ok,,7,1.506
q80.sql,3952a30a,4,"2,8,11,19",3,332.476,80.18,1,ok,,3,41.975
q81.sql,0aa8cac0,3,"7,8,9",2,62.253,89.06,1,ok,,2,3.508
q82.sql,4c41ba08,4,"1,4,10,18",3,274.125,135.77,1,ok,,3,74.591
q83.sql,1d393e87,3,"4,6,10",2,130.75,164.06,1,ok,,2,4.499
q84.sql,0356d69e,6,"3,7,8,15,17,21",5,64.905,18.97,1,ok,,5,16.491
q85.sql,656031bd,8,"3,7,8,9,11,14,16,19",7,82.321,118.19,1,ok,,7,24.454
q86.sql,a2079aec,3,"1,4,5",2,294.712,897.17,1,ok,,2,11.982
q87.sql,4f94d2e5,5,"2,6,8,9,16",4,412.186,1.59,1,ok,,4,3.077
q88.sql,9449bcd7,4,"2,8,9,16",3,338.095,132.78,1,ok,,3,0.548
q89.sql,98dc9285,14,"1,2,4,5,6,7,8,9,10,11,15,16,18,19",13,744.129,1.7,1,ok,,13,38.963
q90.sql,4cdfa7f7,4,"4,6,9,16",3,130.975,1.1,1,ok,,3,0.548
q91.sql,53752b09,7,"3,7,8,12,15,17,21",6,67.255,22.9,1,ok,,6,16.669
q92.sql,10afe9af,3,"1,5,8",2,279.209,654.09,1,ok,,2,11.982
q93.sql,4728b92e,5,"4,6,9,10,16",4,141.791,1.83,1,ok,,4,2.612
q94.sql,9c0a0724,4,"1,4,5,10",3,305.528,1366.99,1,ok,,3,12.283
q95.sql,c3bd51fc,2,"1,5",1,248.869,223.36,1,ok,,1,10.071
q96.sql,8fab9b88,4,"2,7,8,21",3,347.927,293.12,1,ok,,3,37.993
q97.sql,82bfd5c2,3,"1,2,8",2,544.52,299.48,1,ok,,2,38.914
q98.sql,9f7be45d,3,"2,8,15",2,327.174,23.71,1,ok,,2,39.356
q99.sql,72f0ca54,8,"1,3,4,5,6,8,9,16",7,423.756,5439.44,1,ok,,7,21.651
