query_file,tables_match_exact,jaccard_similarity,W_tables,Wprime_tables,only_in_W,only_in_Wprime,W_n_tables,Wprime_n_tables,W_join_count,gen_status
10a.sql,False,0.0,cast_info|char_name|company_name|company_type|movie_companies|role_type|title,catalog_returns|catalog_sales|customer|customer_demographics|inventory|item|web_sales,cast_info|char_name|company_name|company_type|movie_companies|role_type|title,catalog_returns|catalog_sales|customer|customer_demographics|inventory|item|web_sales,7,7,6,ok
10b.sql,False,0.0,cast_info|char_name|company_name|company_type|movie_companies|role_type|title,customer|customer_address|customer_demographics|item|web_page|web_returns|web_sales,cast_info|char_name|company_name|company_type|movie_companies|role_type|title,customer|customer_address|customer_demographics|item|web_page|web_returns|web_sales,7,7,6,ok
10c.sql,False,0.0,cast_info|char_name|company_name|company_type|movie_companies|role_type|title,customer|customer_address|customer_demographics|date_dim|store_returns|web_sales|web_site,cast_info|char_name|company_name|company_type|movie_companies|role_type|title,customer|customer_address|customer_demographics|date_dim|store_returns|web_sales|web_site,7,7,6,ok
11a.sql,False,0.0,company_name|company_type|keyword|link_type|movie_companies|movie_keyword|movie_link|title,catalog_sales|customer|customer_address|customer_demographics|household_demographics|store_returns|store_sales|web_returns,company_name|company_type|keyword|link_type|movie_companies|movie_keyword|movie_link|title,catalog_sales|customer|customer_address|customer_demographics|household_demographics|store_returns|store_sales|web_returns,8,8,7,ok
11b.sql,False,0.0,company_name|company_type|keyword|link_type|movie_companies|movie_keyword|movie_link|title,catalog_page|catalog_returns|catalog_sales|customer|customer_address|date_dim|household_demographics|store_sales,company_name|company_type|keyword|link_type|movie_companies|movie_keyword|movie_link|title,catalog_page|catalog_returns|catalog_sales|customer|customer_address|date_dim|household_demographics|store_sales,8,8,7,ok
11c.sql,False,0.0,company_name|company_type|keyword|link_type|movie_companies|movie_keyword|movie_link|title,catalog_returns|catalog_sales|customer|customer_address|customer_demographics|date_dim|household_demographics|store_sales,company_name|company_type|keyword|link_type|movie_companies|movie_keyword|movie_link|title,catalog_returns|catalog_sales|customer|customer_address|customer_demographics|date_dim|household_demographics|store_sales,8,8,7,ok
11d.sql,False,0.0,company_name|company_type|keyword|link_type|movie_companies|movie_keyword|movie_link|title,customer_address|household_demographics|income_band|item|promotion|store_sales|web_page|web_sales,company_name|company_type|keyword|link_type|movie_companies|movie_keyword|movie_link|title,customer_address|household_demographics|income_band|item|promotion|store_sales|web_page|web_sales,8,8,7,ok
12a.sql,False,0.0,company_name|company_type|info_type|movie_companies|movie_info|movie_info_idx|title,catalog_page|catalog_sales|customer|customer_address|item|promotion|store|store_sales,company_name|company_type|info_type|movie_companies|movie_info|movie_info_idx|title,catalog_page|catalog_sales|customer|customer_address|item|promotion|store|store_sales,7,8,7,ok
12b.sql,False,0.0,company_name|company_type|info_type|movie_companies|movie_info|movie_info_idx|title,customer|customer_address|customer_demographics|item|promotion|store|store_sales|web_sales,company_name|company_type|info_type|movie_companies|movie_info|movie_info_idx|title,customer|customer_address|customer_demographics|item|promotion|store|store_sales|web_sales,7,8,7,ok
12c.sql,False,0.0,company_name|company_type|info_type|movie_companies|movie_info|movie_info_idx|title,catalog_returns|catalog_sales|customer_address|date_dim|household_demographics|store|store_sales|web_sales,company_name|company_type|info_type|movie_companies|movie_info|movie_info_idx|title,catalog_returns|catalog_sales|customer_address|date_dim|household_demographics|store|store_sales|web_sales,7,8,7,ok
13a.sql,False,0.0,company_name|company_type|info_type|kind_type|movie_companies|movie_info|movie_info_idx|title,catalog_page|catalog_sales|customer|customer_address|customer_demographics|item|web_page|web_sales|web_site,company_name|company_type|info_type|kind_type|movie_companies|movie_info|movie_info_idx|title,catalog_page|catalog_sales|customer|customer_address|customer_demographics|item|web_page|web_sales|web_site,8,9,8,ok
13b.sql,False,0.0,company_name|company_type|info_type|kind_type|movie_companies|movie_info|movie_info_idx|title,catalog_sales|customer|customer_address|customer_demographics|item|promotion|store_sales|web_returns|web_sales,company_name|company_type|info_type|kind_type|movie_companies|movie_info|movie_info_idx|title,catalog_sales|customer|customer_address|customer_demographics|item|promotion|store_sales|web_returns|web_sales,8,9,8,ok
13c.sql,False,0.0,company_name|company_type|info_type|kind_type|movie_companies|movie_info|movie_info_idx|title,customer_address|date_dim|household_demographics|item|promotion|store_sales|web_page|web_returns|web_sales,company_name|company_type|info_type|kind_type|movie_companies|movie_info|movie_info_idx|title,customer_address|date_dim|household_demographics|item|promotion|store_sales|web_page|web_returns|web_sales,8,9,8,ok
13d.sql,False,0.0,company_name|company_type|info_type|kind_type|movie_companies|movie_info|movie_info_idx|title,customer|customer_address|customer_demographics|item|store|store_returns|store_sales|web_returns|web_sales,company_name|company_type|info_type|kind_type|movie_companies|movie_info|movie_info_idx|title,customer|customer_address|customer_demographics|item|store|store_returns|store_sales|web_returns|web_sales,8,9,8,ok
14a.sql,False,0.0,info_type|keyword|kind_type|movie_info|movie_info_idx|movie_keyword|title,customer_address|customer_demographics|date_dim|promotion|store_sales|web_page|web_sales|web_site,info_type|keyword|kind_type|movie_info|movie_info_idx|movie_keyword|title,customer_address|customer_demographics|date_dim|promotion|store_sales|web_page|web_sales|web_site,7,8,7,ok
14b.sql,False,0.0,info_type|keyword|kind_type|movie_info|movie_info_idx|movie_keyword|title,catalog_sales|customer|customer_address|date_dim|household_demographics|promotion|store_sales|web_sales,info_type|keyword|kind_type|movie_info|movie_info_idx|movie_keyword|title,catalog_sales|customer|customer_address|date_dim|household_demographics|promotion|store_sales|web_sales,7,8,7,ok
14c.sql,False,0.0,info_type|keyword|kind_type|movie_info|movie_info_idx|movie_keyword|title,customer|customer_address|household_demographics|item|promotion|store_sales|web_returns|web_sales,info_type|keyword|kind_type|movie_info|movie_info_idx|movie_keyword|title,customer|customer_address|household_demographics|item|promotion|store_sales|web_returns|web_sales,7,8,7,ok
15a.sql,False,0.0,aka_title|company_name|company_type|info_type|keyword|movie_companies|movie_info|movie_keyword|title,catalog_page|catalog_sales|customer|household_demographics|item|promotion|store_sales|web_page|web_returns,aka_title|company_name|company_type|info_type|keyword|movie_companies|movie_info|movie_keyword|title,catalog_page|catalog_sales|customer|household_demographics|item|promotion|store_sales|web_page|web_returns,9,9,8,ok
15b.sql,False,0.0,aka_title|company_name|company_type|info_type|keyword|movie_companies|movie_info|movie_keyword|title,customer|customer_address|household_demographics|item|store_sales|web_page|web_returns|web_sales|web_site,aka_title|company_name|company_type|info_type|keyword|movie_companies|movie_info|movie_keyword|title,customer|customer_address|household_demographics|item|store_sales|web_page|web_returns|web_sales|web_site,9,9,8,ok
15c.sql,False,0.0,aka_title|company_name|company_type|info_type|keyword|movie_companies|movie_info|movie_keyword|title,catalog_returns|catalog_sales|customer|customer_address|customer_demographics|household_demographics|store_sales|web_page|web_returns,aka_title|company_name|company_type|info_type|keyword|movie_companies|movie_info|movie_keyword|title,catalog_returns|catalog_sales|customer|customer_address|customer_demographics|household_demographics|store_sales|web_page|web_returns,9,9,8,ok
15d.sql,False,0.0,aka_title|company_name|company_type|info_type|keyword|movie_companies|movie_info|movie_keyword|title,catalog_sales|customer|customer_demographics|item|promotion|store_sales|web_page|web_returns|web_sales,aka_title|company_name|company_type|info_type|keyword|movie_companies|movie_info|movie_keyword|title,catalog_sales|customer|customer_demographics|item|promotion|store_sales|web_page|web_returns|web_sales,9,9,8,ok
16a.sql,False,0.0,aka_name|cast_info|company_name|keyword|movie_companies|movie_keyword|name|title,catalog_page|catalog_returns|catalog_sales|customer|date_dim|store_returns|web_returns|web_sales,aka_name|cast_info|company_name|keyword|movie_companies|movie_keyword|name|title,catalog_page|catalog_returns|catalog_sales|customer|date_dim|store_returns|web_returns|web_sales,8,8,7,ok
16b.sql,False,0.0,aka_name|cast_info|company_name|keyword|movie_companies|movie_keyword|name|title,catalog_sales|customer_demographics|date_dim|item|promotion|web_page|web_returns|web_sales,aka_name|cast_info|company_name|keyword|movie_companies|movie_keyword|name|title,catalog_sales|customer_demographics|date_dim|item|promotion|web_page|web_returns|web_sales,8,8,7,ok
16c.sql,False,0.0,aka_name|cast_info|company_name|keyword|movie_companies|movie_keyword|name|title,catalog_returns|catalog_sales|date_dim|inventory|item|promotion|warehouse|web_sales,aka_name|cast_info|company_name|keyword|movie_companies|movie_keyword|name|title,catalog_returns|catalog_sales|date_dim|inventory|item|promotion|warehouse|web_sales,8,8,7,ok
16d.sql,False,0.0,aka_name|cast_info|company_name|keyword|movie_companies|movie_keyword|name|title,customer|customer_demographics|date_dim|promotion|store|store_returns|store_sales|web_sales,aka_name|cast_info|company_name|keyword|movie_companies|movie_keyword|name|title,customer|customer_demographics|date_dim|promotion|store|store_returns|store_sales|web_sales,8,8,7,ok
17a.sql,False,0.0,cast_info|company_name|keyword|movie_companies|movie_keyword|name|title,catalog_returns|date_dim|inventory|item|store_sales|time_dim|warehouse,cast_info|company_name|keyword|movie_companies|movie_keyword|name|title,catalog_returns|date_dim|inventory|item|store_sales|time_dim|warehouse,7,7,6,ok
17b.sql,False,0.0,cast_info|company_name|keyword|movie_companies|movie_keyword|name|title,catalog_returns|date_dim|inventory|item|warehouse|web_page|web_sales,cast_info|company_name|keyword|movie_companies|movie_keyword|name|title,catalog_returns|date_dim|inventory|item|warehouse|web_page|web_sales,7,7,6,ok
17c.sql,False,0.0,cast_info|company_name|keyword|movie_companies|movie_keyword|name|title,catalog_returns|date_dim|inventory|web_page|web_returns|web_sales|web_site,cast_info|company_name|keyword|movie_companies|movie_keyword|name|title,catalog_returns|date_dim|inventory|web_page|web_returns|web_sales|web_site,7,7,6,ok
17d.sql,False,0.0,cast_info|company_name|keyword|movie_companies|movie_keyword|name|title,date_dim|inventory|item|store_returns|warehouse|web_sales|web_site,cast_info|company_name|keyword|movie_companies|movie_keyword|name|title,date_dim|inventory|item|store_returns|warehouse|web_sales|web_site,7,7,6,ok
17e.sql,False,0.0,cast_info|company_name|keyword|movie_companies|movie_keyword|name|title,catalog_sales|household_demographics|inventory|item|promotion|web_sales|web_site,cast_info|company_name|keyword|movie_companies|movie_keyword|name|title,catalog_sales|household_demographics|inventory|item|promotion|web_sales|web_site,7,7,6,ok
17f.sql,False,0.0,cast_info|company_name|keyword|movie_companies|movie_keyword|name|title,catalog_returns|catalog_sales|customer|inventory|item|store_sales|warehouse,cast_info|company_name|keyword|movie_companies|movie_keyword|name|title,catalog_returns|catalog_sales|customer|inventory|item|store_sales|warehouse,7,7,6,ok
18a.sql,False,0.0,cast_info|info_type|movie_info|movie_info_idx|name|title,catalog_returns|date_dim|inventory|store_returns|warehouse|web_returns|web_sales,cast_info|info_type|movie_info|movie_info_idx|name|title,catalog_returns|date_dim|inventory|store_returns|warehouse|web_returns|web_sales,6,7,6,ok
18b.sql,False,0.0,cast_info|info_type|movie_info|movie_info_idx|name|title,catalog_page|catalog_returns|catalog_sales|date_dim|inventory|store_sales|warehouse,cast_info|info_type|movie_info|movie_info_idx|name|title,catalog_page|catalog_returns|catalog_sales|date_dim|inventory|store_sales|warehouse,6,7,6,ok
18c.sql,False,0.0,cast_info|info_type|movie_info|movie_info_idx|name|title,catalog_sales|date_dim|inventory|item|store_sales|time_dim|web_returns,cast_info|info_type|movie_info|movie_info_idx|name|title,catalog_sales|date_dim|inventory|item|store_sales|time_dim|web_returns,6,7,6,ok
19a.sql,False,0.0,aka_name|cast_info|char_name|company_name|info_type|movie_companies|movie_info|name|role_type|title,catalog_page|catalog_returns|catalog_sales|customer|customer_address|customer_demographics|date_dim|inventory|store_returns|warehouse,aka_name|cast_info|char_name|company_name|info_type|movie_companies|movie_info|name|role_type|title,catalog_page|catalog_returns|catalog_sales|customer|customer_address|customer_demographics|date_dim|inventory|store_returns|warehouse,10,10,9,ok
19b.sql,False,0.0,aka_name|cast_info|char_name|company_name|info_type|movie_companies|movie_info|name|role_type|title,catalog_returns|catalog_sales|date_dim|household_demographics|inventory|item|promotion|store_returns|store_sales|web_sales,aka_name|cast_info|char_name|company_name|info_type|movie_companies|movie_info|name|role_type|title,catalog_returns|catalog_sales|date_dim|household_demographics|inventory|item|promotion|store_returns|store_sales|web_sales,10,10,9,ok
19c.sql,False,0.0,aka_name|cast_info|char_name|company_name|info_type|movie_companies|movie_info|name|role_type|title,catalog_sales|customer|customer_address|date_dim|household_demographics|inventory|promotion|store_sales|web_returns|web_sales,aka_name|cast_info|char_name|company_name|info_type|movie_companies|movie_info|name|role_type|title,catalog_sales|customer|customer_address|date_dim|household_demographics|inventory|promotion|store_sales|web_returns|web_sales,10,10,9,ok
19d.sql,False,0.0,aka_name|cast_info|char_name|company_name|info_type|movie_companies|movie_info|name|role_type|title,catalog_page|catalog_sales|customer_demographics|date_dim|household_demographics|income_band|promotion|web_returns|web_sales|web_site,aka_name|cast_info|char_name|company_name|info_type|movie_companies|movie_info|name|role_type|title,catalog_page|catalog_sales|customer_demographics|date_dim|household_demographics|income_band|promotion|web_returns|web_sales|web_site,10,10,9,ok
1a.sql,False,0.0,company_type|info_type|movie_companies|movie_info_idx|title,ship_mode,company_type|info_type|movie_companies|movie_info_idx|title,ship_mode,5,1,4,ok
1b.sql,False,0.0,company_type|info_type|movie_companies|movie_info_idx|title,ship_mode,company_type|info_type|movie_companies|movie_info_idx|title,ship_mode,5,1,4,ok
1c.sql,False,0.0,company_type|info_type|movie_companies|movie_info_idx|title,ship_mode,company_type|info_type|movie_companies|movie_info_idx|title,ship_mode,5,1,4,ok
1d.sql,False,0.0,company_type|info_type|movie_companies|movie_info_idx|title,ship_mode,company_type|info_type|movie_companies|movie_info_idx|title,ship_mode,5,1,4,ok
20a.sql,False,0.0,cast_info|char_name|comp_cast_type|complete_cast|keyword|kind_type|movie_keyword|name|title,catalog_returns|catalog_sales|customer_address|date_dim|inventory|item|store_returns|web_page|web_returns|web_sales,cast_info|char_name|comp_cast_type|complete_cast|keyword|kind_type|movie_keyword|name|title,catalog_returns|catalog_sales|customer_address|date_dim|inventory|item|store_returns|web_page|web_returns|web_sales,9,10,9,ok
20b.sql,False,0.0,cast_info|char_name|comp_cast_type|complete_cast|keyword|kind_type|movie_keyword|name|title,catalog_sales|customer_address|date_dim|household_demographics|item|promotion|store_sales|web_returns|web_sales|web_site,cast_info|char_name|comp_cast_type|complete_cast|keyword|kind_type|movie_keyword|name|title,catalog_sales|customer_address|date_dim|household_demographics|item|promotion|store_sales|web_returns|web_sales|web_site,9,10,9,ok
20c.sql,False,0.0,cast_info|char_name|comp_cast_type|complete_cast|keyword|kind_type|movie_keyword|name|title,catalog_returns|catalog_sales|customer|customer_address|customer_demographics|inventory|item|warehouse|web_sales|web_site,cast_info|char_name|comp_cast_type|complete_cast|keyword|kind_type|movie_keyword|name|title,catalog_returns|catalog_sales|customer|customer_address|customer_demographics|inventory|item|warehouse|web_sales|web_site,9,10,9,ok
21a.sql,False,0.0,company_name|company_type|keyword|link_type|movie_companies|movie_info|movie_keyword|movie_link|title,customer|customer_address|household_demographics|store|store_returns|store_sales|time_dim|web_sales|web_site,company_name|company_type|keyword|link_type|movie_companies|movie_info|movie_keyword|movie_link|title,customer|customer_address|household_demographics|store|store_returns|store_sales|time_dim|web_sales|web_site,9,9,8,ok
21b.sql,False,0.0,company_name|company_type|keyword|link_type|movie_companies|movie_info|movie_keyword|movie_link|title,catalog_page|catalog_sales|customer|customer_address|household_demographics|inventory|item|store|store_sales,company_name|company_type|keyword|link_type|movie_companies|movie_info|movie_keyword|movie_link|title,catalog_page|catalog_sales|customer|customer_address|household_demographics|inventory|item|store|store_sales,9,9,8,ok
21c.sql,False,0.0,company_name|company_type|keyword|link_type|movie_companies|movie_info|movie_keyword|movie_link|title,catalog_page|catalog_sales|customer_address|household_demographics|income_band|item|store|store_sales|web_returns,company_name|company_type|keyword|link_type|movie_companies|movie_info|movie_keyword|movie_link|title,catalog_page|catalog_sales|customer_address|household_demographics|income_band|item|store|store_sales|web_returns,9,9,8,ok
22a.sql,False,0.0,company_name|company_type|info_type|keyword|kind_type|movie_companies|movie_info|movie_info_idx|movie_keyword|title,catalog_page|catalog_sales|customer|customer_address|customer_demographics|household_demographics|promotion|web_page|web_returns|web_sales|web_site,company_name|company_type|info_type|keyword|kind_type|movie_companies|movie_info|movie_info_idx|movie_keyword|title,catalog_page|catalog_sales|customer|customer_address|customer_demographics|household_demographics|promotion|web_page|web_returns|web_sales|web_site,10,11,10,ok
22b.sql,False,0.0,company_name|company_type|info_type|keyword|kind_type|movie_companies|movie_info|movie_info_idx|movie_keyword|title,catalog_sales|customer_address|date_dim|inventory|item|promotion|store|store_returns|store_sales|web_sales|web_site,company_name|company_type|info_type|keyword|kind_type|movie_companies|movie_info|movie_info_idx|movie_keyword|title,catalog_sales|customer_address|date_dim|inventory|item|promotion|store|store_returns|store_sales|web_sales|web_site,10,11,10,ok
22c.sql,False,0.0,company_name|company_type|info_type|keyword|kind_type|movie_companies|movie_info|movie_info_idx|movie_keyword|title,catalog_page|catalog_returns|catalog_sales|customer|customer_address|customer_demographics|inventory|item|promotion|store_returns|store_sales,company_name|company_type|info_type|keyword|kind_type|movie_companies|movie_info|movie_info_idx|movie_keyword|title,catalog_page|catalog_returns|catalog_sales|customer|customer_address|customer_demographics|inventory|item|promotion|store_returns|store_sales,10,11,10,ok
22d.sql,False,0.0,company_name|company_type|info_type|keyword|kind_type|movie_companies|movie_info|movie_info_idx|movie_keyword|title,catalog_sales|customer|customer_address|customer_demographics|date_dim|household_demographics|promotion|store_sales|web_returns|web_sales|web_site,company_name|company_type|info_type|keyword|kind_type|movie_companies|movie_info|movie_info_idx|movie_keyword|title,catalog_sales|customer|customer_address|customer_demographics|date_dim|household_demographics|promotion|store_sales|web_returns|web_sales|web_site,10,11,10,ok
23a.sql,False,0.0,comp_cast_type|company_name|company_type|complete_cast|info_type|keyword|kind_type|movie_companies|movie_info|movie_keyword|title,catalog_sales|customer_address|customer_demographics|date_dim|household_demographics|inventory|item|store_returns|store_sales|web_returns|web_sales,comp_cast_type|company_name|company_type|complete_cast|info_type|keyword|kind_type|movie_companies|movie_info|movie_keyword|title,catalog_sales|customer_address|customer_demographics|date_dim|household_demographics|inventory|item|store_returns|store_sales|web_returns|web_sales,11,11,10,ok
23b.sql,False,0.0,comp_cast_type|company_name|company_type|complete_cast|info_type|keyword|kind_type|movie_companies|movie_info|movie_keyword|title,catalog_returns|customer|date_dim|inventory|item|promotion|store|store_returns|warehouse|web_returns|web_sales,comp_cast_type|company_name|company_type|complete_cast|info_type|keyword|kind_type|movie_companies|movie_info|movie_keyword|title,catalog_returns|customer|date_dim|inventory|item|promotion|store|store_returns|warehouse|web_returns|web_sales,11,11,10,ok
23c.sql,False,0.0,comp_cast_type|company_name|company_type|complete_cast|info_type|keyword|kind_type|movie_companies|movie_info|movie_keyword|title,catalog_sales|customer|customer_address|date_dim|household_demographics|inventory|item|store_sales|warehouse|web_page|web_returns,comp_cast_type|company_name|company_type|complete_cast|info_type|keyword|kind_type|movie_companies|movie_info|movie_keyword|title,catalog_sales|customer|customer_address|date_dim|household_demographics|inventory|item|store_sales|warehouse|web_page|web_returns,11,11,10,ok
24a.sql,False,0.0,aka_name|cast_info|char_name|company_name|info_type|keyword|movie_companies|movie_info|movie_keyword|name|role_type|title,catalog_page|catalog_returns|catalog_sales|customer|date_dim|household_demographics|income_band|item|store|store_returns|web_returns|web_sales,aka_name|cast_info|char_name|company_name|info_type|keyword|movie_companies|movie_info|movie_keyword|name|role_type|title,catalog_page|catalog_returns|catalog_sales|customer|date_dim|household_demographics|income_band|item|store|store_returns|web_returns|web_sales,12,12,11,ok
24b.sql,False,0.0,aka_name|cast_info|char_name|company_name|info_type|keyword|movie_companies|movie_info|movie_keyword|name|role_type|title,catalog_returns|catalog_sales|customer|customer_address|date_dim|household_demographics|inventory|item|warehouse|web_page|web_returns|web_sales,aka_name|cast_info|char_name|company_name|info_type|keyword|movie_companies|movie_info|movie_keyword|name|role_type|title,catalog_returns|catalog_sales|customer|customer_address|date_dim|household_demographics|inventory|item|warehouse|web_page|web_returns|web_sales,12,12,11,ok
25a.sql,False,0.0,cast_info|info_type|keyword|movie_info|movie_info_idx|movie_keyword|name|title,catalog_page|catalog_sales|customer_address|customer_demographics|household_demographics|income_band|inventory|item|web_sales,cast_info|info_type|keyword|movie_info|movie_info_idx|movie_keyword|name|title,catalog_page|catalog_sales|customer_address|customer_demographics|household_demographics|income_band|inventory|item|web_sales,8,9,8,ok
25b.sql,False,0.0,cast_info|info_type|keyword|movie_info|movie_info_idx|movie_keyword|name|title,catalog_sales|customer|customer_demographics|inventory|item|promotion|store_returns|web_returns|web_sales,cast_info|info_type|keyword|movie_info|movie_info_idx|movie_keyword|name|title,catalog_sales|customer|customer_demographics|inventory|item|promotion|store_returns|web_returns|web_sales,8,9,8,ok
25c.sql,False,0.0,cast_info|info_type|keyword|movie_info|movie_info_idx|movie_keyword|name|title,customer_address|customer_demographics|date_dim|inventory|promotion|store_sales|warehouse|web_page|web_sales,cast_info|info_type|keyword|movie_info|movie_info_idx|movie_keyword|name|title,customer_address|customer_demographics|date_dim|inventory|promotion|store_sales|warehouse|web_page|web_sales,8,9,8,ok
26a.sql,False,0.0,cast_info|char_name|comp_cast_type|complete_cast|info_type|keyword|kind_type|movie_info_idx|movie_keyword|name|title,catalog_page|catalog_returns|catalog_sales|customer|customer_demographics|date_dim|household_demographics|item|store_returns|store_sales|time_dim|web_returns,cast_info|char_name|comp_cast_type|complete_cast|info_type|keyword|kind_type|movie_info_idx|movie_keyword|name|title,catalog_page|catalog_returns|catalog_sales|customer|customer_demographics|date_dim|household_demographics|item|store_returns|store_sales|time_dim|web_returns,11,12,11,ok
26b.sql,False,0.0,cast_info|char_name|comp_cast_type|complete_cast|info_type|keyword|kind_type|movie_info_idx|movie_keyword|name|title,catalog_returns|catalog_sales|customer|date_dim|household_demographics|item|promotion|store_returns|store_sales|web_returns|web_sales|web_site,cast_info|char_name|comp_cast_type|complete_cast|info_type|keyword|kind_type|movie_info_idx|movie_keyword|name|title,catalog_returns|catalog_sales|customer|date_dim|household_demographics|item|promotion|store_returns|store_sales|web_returns|web_sales|web_site,11,12,11,ok
26c.sql,False,0.0,cast_info|char_name|comp_cast_type|complete_cast|info_type|keyword|kind_type|movie_info_idx|movie_keyword|name|title,catalog_page|catalog_returns|catalog_sales|customer|customer_demographics|date_dim|inventory|item|store_returns|store_sales|web_returns|web_sales,cast_info|char_name|comp_cast_type|complete_cast|info_type|keyword|kind_type|movie_info_idx|movie_keyword|name|title,catalog_page|catalog_returns|catalog_sales|customer|customer_demographics|date_dim|inventory|item|store_returns|store_sales|web_returns|web_sales,11,12,11,ok
27a.sql,False,0.0,comp_cast_type|company_name|company_type|complete_cast|keyword|link_type|movie_companies|movie_info|movie_keyword|movie_link|title,catalog_sales|customer|customer_demographics|date_dim|household_demographics|income_band|item|promotion|store_sales|web_page|web_returns|web_sales,comp_cast_type|company_name|company_type|complete_cast|keyword|link_type|movie_companies|movie_info|movie_keyword|movie_link|title,catalog_sales|customer|customer_demographics|date_dim|household_demographics|income_band|item|promotion|store_sales|web_page|web_returns|web_sales,11,12,11,ok
27b.sql,False,0.0,comp_cast_type|company_name|company_type|complete_cast|keyword|link_type|movie_companies|movie_info|movie_keyword|movie_link|title,catalog_page|catalog_returns|catalog_sales|customer_address|customer_demographics|date_dim|household_demographics|item|promotion|store_sales|web_returns|web_sales,comp_cast_type|company_name|company_type|complete_cast|keyword|link_type|movie_companies|movie_info|movie_keyword|movie_link|title,catalog_page|catalog_returns|catalog_sales|customer_address|customer_demographics|date_dim|household_demographics|item|promotion|store_sales|web_returns|web_sales,11,12,11,ok
27c.sql,False,0.0,comp_cast_type|company_name|company_type|complete_cast|keyword|link_type|movie_companies|movie_info|movie_keyword|movie_link|title,catalog_sales|customer|customer_demographics|date_dim|household_demographics|inventory|item|store_returns|store_sales|time_dim|web_page|web_returns,comp_cast_type|company_name|company_type|complete_cast|keyword|link_type|movie_companies|movie_info|movie_keyword|movie_link|title,catalog_sales|customer|customer_demographics|date_dim|household_demographics|inventory|item|store_returns|store_sales|time_dim|web_page|web_returns,11,12,11,ok
28a.sql,False,0.0,comp_cast_type|company_name|company_type|complete_cast|info_type|keyword|kind_type|movie_companies|movie_info|movie_info_idx|movie_keyword|title,catalog_returns|catalog_sales|customer|customer_address|customer_demographics|date_dim|inventory|item|store|store_returns|store_sales|warehouse|web_sales|web_site,comp_cast_type|company_name|company_type|complete_cast|info_type|keyword|kind_type|movie_companies|movie_info|movie_info_idx|movie_keyword|title,catalog_returns|catalog_sales|customer|customer_address|customer_demographics|date_dim|inventory|item|store|store_returns|store_sales|warehouse|web_sales|web_site,12,14,13,ok
28b.sql,False,0.0,comp_cast_type|company_name|company_type|complete_cast|info_type|keyword|kind_type|movie_companies|movie_info|movie_info_idx|movie_keyword|title,catalog_sales|customer|customer_address|customer_demographics|date_dim|inventory|item|promotion|store|store_returns|store_sales|warehouse|web_returns|web_sales,comp_cast_type|company_name|company_type|complete_cast|info_type|keyword|kind_type|movie_companies|movie_info|movie_info_idx|movie_keyword|title,catalog_sales|customer|customer_address|customer_demographics|date_dim|inventory|item|promotion|store|store_returns|store_sales|warehouse|web_returns|web_sales,12,14,13,ok
28c.sql,False,0.0,comp_cast_type|company_name|company_type|complete_cast|info_type|keyword|kind_type|movie_companies|movie_info|movie_info_idx|movie_keyword|title,catalog_page|catalog_returns|catalog_sales|customer|customer_address|customer_demographics|household_demographics|item|store|store_returns|store_sales|web_page|web_returns|web_sales,comp_cast_type|company_name|company_type|complete_cast|info_type|keyword|kind_type|movie_companies|movie_info|movie_info_idx|movie_keyword|title,catalog_page|catalog_returns|catalog_sales|customer|customer_address|customer_demographics|household_demographics|item|store|store_returns|store_sales|web_page|web_returns|web_sales,12,14,13,ok
29a.sql,False,0.0,aka_name|cast_info|char_name|comp_cast_type|company_name|complete_cast|info_type|keyword|movie_companies|movie_info|movie_keyword|name|person_info|role_type|title,catalog_page|catalog_returns|catalog_sales|customer|customer_address|customer_demographics|date_dim|household_demographics|inventory|item|promotion|store|store_returns|store_sales|web_page|web_returns|web_sales,aka_name|cast_info|char_name|comp_cast_type|company_name|complete_cast|info_type|keyword|movie_companies|movie_info|movie_keyword|name|person_info|role_type|title,catalog_page|catalog_returns|catalog_sales|customer|customer_address|customer_demographics|date_dim|household_demographics|inventory|item|promotion|store|store_returns|store_sales|web_page|web_returns|web_sales,15,17,16,ok
29b.sql,False,0.0,aka_name|cast_info|char_name|comp_cast_type|company_name|complete_cast|info_type|keyword|movie_companies|movie_info|movie_keyword|name|person_info|role_type|title,catalog_returns|catalog_sales|customer|customer_address|customer_demographics|date_dim|household_demographics|income_band|inventory|item|promotion|store|store_returns|store_sales|web_page|web_returns|web_sales,aka_name|cast_info|char_name|comp_cast_type|company_name|complete_cast|info_type|keyword|movie_companies|movie_info|movie_keyword|name|person_info|role_type|title,catalog_returns|catalog_sales|customer|customer_address|customer_demographics|date_dim|household_demographics|income_band|inventory|item|promotion|store|store_returns|store_sales|web_page|web_returns|web_sales,15,17,16,ok
29c.sql,False,0.0,aka_name|cast_info|char_name|comp_cast_type|company_name|complete_cast|info_type|keyword|movie_companies|movie_info|movie_keyword|name|person_info|role_type|title,catalog_page|catalog_returns|catalog_sales|customer|customer_demographics|date_dim|household_demographics|income_band|inventory|item|promotion|store|store_returns|store_sales|web_page|web_returns|web_sales,aka_name|cast_info|char_name|comp_cast_type|company_name|complete_cast|info_type|keyword|movie_companies|movie_info|movie_keyword|name|person_info|role_type|title,catalog_page|catalog_returns|catalog_sales|customer|customer_demographics|date_dim|household_demographics|income_band|inventory|item|promotion|store|store_returns|store_sales|web_page|web_returns|web_sales,15,17,16,ok
2a.sql,False,0.0,company_name|keyword|movie_companies|movie_keyword|title,catalog_sales|customer_address|customer_demographics|date_dim|web_sales,company_name|keyword|movie_companies|movie_keyword|title,catalog_sales|customer_address|customer_demographics|date_dim|web_sales,5,5,4,ok
2b.sql,False,0.0,company_name|keyword|movie_companies|movie_keyword|title,catalog_sales|customer|customer_address|customer_demographics|web_sales,company_name|keyword|movie_companies|movie_keyword|title,catalog_sales|customer|customer_address|customer_demographics|web_sales,5,5,4,ok
2c.sql,False,0.0,company_name|keyword|movie_companies|movie_keyword|title,catalog_sales|customer_address|date_dim|promotion|web_sales,company_name|keyword|movie_companies|movie_keyword|title,catalog_sales|customer_address|date_dim|promotion|web_sales,5,5,4,ok
2d.sql,False,0.0,company_name|keyword|movie_companies|movie_keyword|title,catalog_returns|customer|customer_address|store_returns|web_returns,company_name|keyword|movie_companies|movie_keyword|title,catalog_returns|customer|customer_address|store_returns|web_returns,5,5,4,ok
30a.sql,False,0.0,cast_info|comp_cast_type|complete_cast|info_type|keyword|movie_info|movie_info_idx|movie_keyword|name|title,catalog_page|catalog_returns|catalog_sales|customer|customer_address|customer_demographics|date_dim|item|promotion|store|store_returns|store_sales,cast_info|comp_cast_type|complete_cast|info_type|keyword|movie_info|movie_info_idx|movie_keyword|name|title,catalog_page|catalog_returns|catalog_sales|customer|customer_address|customer_demographics|date_dim|item|promotion|store|store_returns|store_sales,10,12,11,ok
30b.sql,False,0.0,cast_info|comp_cast_type|complete_cast|info_type|keyword|movie_info|movie_info_idx|movie_keyword|name|title,catalog_returns|catalog_sales|customer|customer_address|customer_demographics|date_dim|item|promotion|store_sales|time_dim|web_returns|web_sales,cast_info|comp_cast_type|complete_cast|info_type|keyword|movie_info|movie_info_idx|movie_keyword|name|title,catalog_returns|catalog_sales|customer|customer_address|customer_demographics|date_dim|item|promotion|store_sales|time_dim|web_returns|web_sales,10,12,11,ok
30c.sql,False,0.0,cast_info|comp_cast_type|complete_cast|info_type|keyword|movie_info|movie_info_idx|movie_keyword|name|title,catalog_page|catalog_returns|catalog_sales|customer|customer_address|customer_demographics|household_demographics|item|store_returns|store_sales|web_returns|web_sales,cast_info|comp_cast_type|complete_cast|info_type|keyword|movie_info|movie_info_idx|movie_keyword|name|title,catalog_page|catalog_returns|catalog_sales|customer|customer_address|customer_demographics|household_demographics|item|store_returns|store_sales|web_returns|web_sales,10,12,11,ok
31a.sql,False,0.0,cast_info|company_name|info_type|keyword|movie_companies|movie_info|movie_info_idx|movie_keyword|name|title,catalog_returns|customer_demographics|date_dim|inventory|item|store|store_returns|store_sales|time_dim|warehouse|web_sales,cast_info|company_name|info_type|keyword|movie_companies|movie_info|movie_info_idx|movie_keyword|name|title,catalog_returns|customer_demographics|date_dim|inventory|item|store|store_returns|store_sales|time_dim|warehouse|web_sales,10,11,10,ok
31b.sql,False,0.0,cast_info|company_name|info_type|keyword|movie_companies|movie_info|movie_info_idx|movie_keyword|name|title,catalog_returns|catalog_sales|customer|customer_address|date_dim|household_demographics|inventory|item|store_sales|time_dim|web_returns,cast_info|company_name|info_type|keyword|movie_companies|movie_info|movie_info_idx|movie_keyword|name|title,catalog_returns|catalog_sales|customer|customer_address|date_dim|household_demographics|inventory|item|store_sales|time_dim|web_returns,10,11,10,ok
31c.sql,False,0.0,cast_info|company_name|info_type|keyword|movie_companies|movie_info|movie_info_idx|movie_keyword|name|title,catalog_returns|customer|date_dim|household_demographics|inventory|item|promotion|store_returns|store_sales|web_returns|web_sales,cast_info|company_name|info_type|keyword|movie_companies|movie_info|movie_info_idx|movie_keyword|name|title,catalog_returns|customer|date_dim|household_demographics|inventory|item|promotion|store_returns|store_sales|web_returns|web_sales,10,11,10,ok
32a.sql,False,0.0,keyword|link_type|movie_keyword|movie_link|title,catalog_page|catalog_sales|customer|customer_demographics|household_demographics|promotion,keyword|link_type|movie_keyword|movie_link|title,catalog_page|catalog_sales|customer|customer_demographics|household_demographics|promotion,5,6,5,ok
32b.sql,False,0.0,keyword|link_type|movie_keyword|movie_link|title,catalog_page|catalog_returns|catalog_sales|item|store_returns|web_returns,keyword|link_type|movie_keyword|movie_link|title,catalog_page|catalog_returns|catalog_sales|item|store_returns|web_returns,5,6,5,ok
33a.sql,False,0.0,company_name|info_type|kind_type|link_type|movie_companies|movie_info_idx|movie_link|title,catalog_page|catalog_returns|catalog_sales|customer|customer_address|customer_demographics|date_dim|household_demographics|store|store_sales|time_dim|web_page|web_sales|web_site,company_name|info_type|kind_type|link_type|movie_companies|movie_info_idx|movie_link|title,catalog_page|catalog_returns|catalog_sales|customer|customer_address|customer_demographics|date_dim|household_demographics|store|store_sales|time_dim|web_page|web_sales|web_site,8,14,13,ok
33b.sql,False,0.0,company_name|info_type|kind_type|link_type|movie_companies|movie_info_idx|movie_link|title,catalog_page|catalog_returns|catalog_sales|customer|customer_address|customer_demographics|date_dim|household_demographics|income_band|item|promotion|store_sales|web_page|web_sales,company_name|info_type|kind_type|link_type|movie_companies|movie_info_idx|movie_link|title,catalog_page|catalog_returns|catalog_sales|customer|customer_address|customer_demographics|date_dim|household_demographics|income_band|item|promotion|store_sales|web_page|web_sales,8,14,13,ok
33c.sql,False,0.0,company_name|info_type|kind_type|link_type|movie_companies|movie_info_idx|movie_link|title,catalog_page|catalog_returns|catalog_sales|customer|customer_address|date_dim|household_demographics|income_band|item|store|store_returns|store_sales|time_dim|web_returns,company_name|info_type|kind_type|link_type|movie_companies|movie_info_idx|movie_link|title,catalog_page|catalog_returns|catalog_sales|customer|customer_address|date_dim|household_demographics|income_band|item|store|store_returns|store_sales|time_dim|web_returns,8,14,13,ok
3a.sql,False,0.0,keyword|movie_info|movie_keyword|title,catalog_page|catalog_sales|customer_address|customer_demographics,keyword|movie_info|movie_keyword|title,catalog_page|catalog_sales|customer_address|customer_demographics,4,4,3,ok
3b.sql,False,0.0,keyword|movie_info|movie_keyword|title,catalog_page|catalog_returns|date_dim|web_sales,keyword|movie_info|movie_keyword|title,catalog_page|catalog_returns|date_dim|web_sales,4,4,3,ok
3c.sql,False,0.0,keyword|movie_info|movie_keyword|title,catalog_page|catalog_returns|date_dim|inventory,keyword|movie_info|movie_keyword|title,catalog_page|catalog_returns|date_dim|inventory,4,4,3,ok
4a.sql,False,0.0,info_type|keyword|movie_info_idx|movie_keyword|title,catalog_sales|customer_address|date_dim|promotion|store_sales,info_type|keyword|movie_info_idx|movie_keyword|title,catalog_sales|customer_address|date_dim|promotion|store_sales,5,5,4,ok
4b.sql,False,0.0,info_type|keyword|movie_info_idx|movie_keyword|title,catalog_sales|customer|customer_demographics|promotion|store_sales,info_type|keyword|movie_info_idx|movie_keyword|title,catalog_sales|customer|customer_demographics|promotion|store_sales,5,5,4,ok
4c.sql,False,0.0,info_type|keyword|movie_info_idx|movie_keyword|title,customer_address|customer_demographics|promotion|store_sales|web_sales,info_type|keyword|movie_info_idx|movie_keyword|title,customer_address|customer_demographics|promotion|store_sales|web_sales,5,5,4,ok
5a.sql,False,0.0,company_type|info_type|movie_companies|movie_info|title,ship_mode,company_type|info_type|movie_companies|movie_info|title,ship_mode,5,1,4,ok
5b.sql,False,0.0,company_type|info_type|movie_companies|movie_info|title,ship_mode,company_type|info_type|movie_companies|movie_info|title,ship_mode,5,1,4,ok
5c.sql,False,0.0,company_type|info_type|movie_companies|movie_info|title,ship_mode,company_type|info_type|movie_companies|movie_info|title,ship_mode,5,1,4,ok
6a.sql,False,0.0,cast_info|keyword|movie_keyword|name|title,catalog_sales|customer_address|date_dim|inventory|warehouse,cast_info|keyword|movie_keyword|name|title,catalog_sales|customer_address|date_dim|inventory|warehouse,5,5,4,ok
6b.sql,False,0.0,cast_info|keyword|movie_keyword|name|title,date_dim|inventory|store_returns|web_sales|web_site,cast_info|keyword|movie_keyword|name|title,date_dim|inventory|store_returns|web_sales|web_site,5,5,4,ok
6c.sql,False,0.0,cast_info|keyword|movie_keyword|name|title,catalog_returns|inventory|item|store_returns|store_sales,cast_info|keyword|movie_keyword|name|title,catalog_returns|inventory|item|store_returns|store_sales,5,5,4,ok
6d.sql,False,0.0,cast_info|keyword|movie_keyword|name|title,inventory|item|store_returns|web_page|web_sales,cast_info|keyword|movie_keyword|name|title,inventory|item|store_returns|web_page|web_sales,5,5,4,ok
6e.sql,False,0.0,cast_info|keyword|movie_keyword|name|title,catalog_sales|date_dim|inventory|store_sales|warehouse,cast_info|keyword|movie_keyword|name|title,catalog_sales|date_dim|inventory|store_sales|warehouse,5,5,4,ok
6f.sql,False,0.0,cast_info|keyword|movie_keyword|name|title,catalog_returns|customer_demographics|inventory|item|store_sales,cast_info|keyword|movie_keyword|name|title,catalog_returns|customer_demographics|inventory|item|store_sales,5,5,4,ok
7a.sql,False,0.0,aka_name|cast_info|info_type|link_type|movie_link|name|person_info|title,catalog_returns|customer|customer_demographics|date_dim|inventory|item|store_returns|warehouse,aka_name|cast_info|info_type|link_type|movie_link|name|person_info|title,catalog_returns|customer|customer_demographics|date_dim|inventory|item|store_returns|warehouse,8,8,7,ok
7b.sql,False,0.0,aka_name|cast_info|info_type|link_type|movie_link|name|person_info|title,customer|date_dim|household_demographics|promotion|store_returns|store_sales|web_returns|web_sales,aka_name|cast_info|info_type|link_type|movie_link|name|person_info|title,customer|date_dim|household_demographics|promotion|store_returns|store_sales|web_returns|web_sales,8,8,7,ok
7c.sql,False,0.0,aka_name|cast_info|info_type|link_type|movie_link|name|person_info|title,catalog_page|catalog_sales|customer_demographics|date_dim|inventory|item|store_returns|warehouse,aka_name|cast_info|info_type|link_type|movie_link|name|person_info|title,catalog_page|catalog_sales|customer_demographics|date_dim|inventory|item|store_returns|warehouse,8,8,7,ok
8a.sql,False,0.0,aka_name|cast_info|company_name|movie_companies|name|role_type|title,catalog_sales|date_dim|household_demographics|promotion|store_sales|time_dim|web_sales,aka_name|cast_info|company_name|movie_companies|name|role_type|title,catalog_sales|date_dim|household_demographics|promotion|store_sales|time_dim|web_sales,7,7,6,ok
8b.sql,False,0.0,aka_name|cast_info|company_name|movie_companies|name|role_type|title,catalog_sales|customer|customer_demographics|date_dim|household_demographics|promotion|web_sales,aka_name|cast_info|company_name|movie_companies|name|role_type|title,catalog_sales|customer|customer_demographics|date_dim|household_demographics|promotion|web_sales,7,7,6,ok
8c.sql,False,0.0,aka_name|cast_info|company_name|movie_companies|name|role_type|title,customer_address|date_dim|household_demographics|inventory|store_returns|web_page|web_sales,aka_name|cast_info|company_name|movie_companies|name|role_type|title,customer_address|date_dim|household_demographics|inventory|store_returns|web_page|web_sales,7,7,6,ok
8d.sql,False,0.0,aka_name|cast_info|company_name|movie_companies|name|role_type|title,catalog_sales|date_dim|household_demographics|inventory|promotion|warehouse|web_sales,aka_name|cast_info|company_name|movie_companies|name|role_type|title,catalog_sales|date_dim|household_demographics|inventory|promotion|warehouse|web_sales,7,7,6,ok
9a.sql,False,0.0,aka_name|cast_info|char_name|company_name|movie_companies|name|role_type|title,catalog_returns|date_dim|inventory|item|promotion|store_returns|store_sales|web_sales,aka_name|cast_info|char_name|company_name|movie_companies|name|role_type|title,catalog_returns|date_dim|inventory|item|promotion|store_returns|store_sales|web_sales,8,8,7,ok
9b.sql,False,0.0,aka_name|cast_info|char_name|company_name|movie_companies|name|role_type|title,catalog_page|catalog_returns|catalog_sales|customer|customer_demographics|date_dim|store_returns|web_sales,aka_name|cast_info|char_name|company_name|movie_companies|name|role_type|title,catalog_page|catalog_returns|catalog_sales|customer|customer_demographics|date_dim|store_returns|web_sales,8,8,7,ok
9c.sql,False,0.0,aka_name|cast_info|char_name|company_name|movie_companies|name|role_type|title,catalog_page|catalog_returns|customer|customer_address|date_dim|store_sales|web_sales|web_site,aka_name|cast_info|char_name|company_name|movie_companies|name|role_type|title,catalog_page|catalog_returns|customer|customer_address|date_dim|store_sales|web_sales|web_site,8,8,7,ok
9d.sql,False,0.0,aka_name|cast_info|char_name|company_name|movie_companies|name|role_type|title,catalog_returns|customer|customer_demographics|date_dim|store_returns|store_sales|web_returns|web_sales,aka_name|cast_info|char_name|company_name|movie_companies|name|role_type|title,catalog_returns|customer|customer_demographics|date_dim|store_returns|store_sales|web_returns|web_sales,8,8,7,ok
fkindexes.sql,False,0.0,,call_center,,call_center,0,1,0,ok
schema.sql,False,0.0,,call_center,,call_center,0,1,0,ok
