query_file,join_count,bytes_read,target_tables,n_tables,query_hash,gen_status,sql
q01.sql,1,4048606,item|store_returns,2,2418c3cf,ok,"SELECT DISTINCT ON(""store_returns"".""sr_returned_date_sk"") ""store_returns"".""sr_hdemo_sk"" FROM ""store_returns"" LEFT JOIN ""item"" ON ""store_returns"".""sr_item_sk"" = ""item"".""i_item_sk"" WHERE ""store_returns"".""sr_refunded_cash"" BETWEEN 0.0 AND 15603.05 AND ""item"".""i_manufact"" BETWEEN 'ableablepri' AND 'pripripri';"
q02.sql,11,1492980,catalog_returns|customer|customer_address|customer_demographics|date_dim|item|store|store_returns|store_sales|web_page|web_returns|web_sales,12,02383ac2,ok,"SELECT DISTINCT ON(""date_dim"".""d_date_sk"") ""date_dim"".""d_holiday"" FROM ""date_dim"" LEFT JOIN ""store_returns"" ON ""date_dim"".""d_date_sk"" = ""store_returns"".""sr_returned_date_sk"" LEFT JOIN ""catalog_returns"" ON ""date_dim"".""d_date_sk"" = ""catalog_returns"".""cr_returned_date_sk"" LEFT JOIN ""store"" ON ""store_returns"".""sr_store_sk"" = ""store"".""s_store_sk"" LEFT JOIN ""customer"" ON ""catalog_returns"".""cr_refunded_customer_sk"" = ""customer"".""c_customer_sk"" LEFT JOIN ""web_sales"" ON ""customer"".""c_customer_sk"" = ""web_sales"".""ws_bill_customer_sk"" LEFT JOIN ""store_sales"" ON ""customer"".""c_customer_sk"" = ""store_sales"".""ss_customer_sk"" LEFT JOIN ""customer_address"" ON ""web_sales"".""ws_bill_addr_sk"" = ""customer_address"".""ca_address_sk"" LEFT JOIN ""web_returns"" ON ""date_dim"".""d_date_sk"" = ""web_returns"".""wr_returned_date_sk"" LEFT JOIN ""item"" ON ""store_returns"".""sr_item_sk"" = ""item"".""i_item_sk"" LEFT JOIN ""web_page"" ON ""web_returns"".""wr_web_page_sk"" = ""web_page"".""wp_web_page_sk"" LEFT JOIN ""customer_demographics"" ON ""store_sales"".""ss_cdemo_sk"" = ""customer_demographics"".""cd_demo_sk"" WHERE ""customer"".""c_first_shipto_date_sk"" BETWEEN 2449062 AND 2452678 AND ""customer_demographics"".""cd_dep_employed_count"" BETWEEN 0 AND 6 AND ""store"".""s_division_name"" BETWEEN 'Unknown' AND 'Unknown' AND ""date_dim"".""d_moy"" BETWEEN 1 AND 12 AND ""web_sales"".""ws_wholesale_cost"" BETWEEN 2.0 AND 100.0 AND ""customer_address"".""ca_street_name"" BETWEEN '10th River' AND 'Woodland Woodland' AND ""web_returns"".""wr_returned_time_sk"" BETWEEN 3618 AND 86398 AND ""store_sales"".""ss_wholesale_cost"" BETWEEN 1.98 AND 100.0 AND ""item"".""i_formulation"" BETWEEN '011044snow5914895795' AND 'yellow98525476168526' AND ""catalog_returns"".""cr_returning_hdemo_sk"" BETWEEN 75 AND 7200 AND ""store_returns"".""sr_return_quantity"" BETWEEN 1 AND 100 AND ""web_page"".""wp_web_page_id"" BETWEEN 'AAAAAAAAABAAAAAA' AND 'AAAAAAAAPBAAAAAA';"
q03.sql,2,39356232,date_dim|promotion|store_sales,3,36fab611,ok,"SELECT DISTINCT ON(""date_dim"".""d_date_sk"") ""date_dim"".""d_weekend"" FROM ""date_dim"" LEFT JOIN ""store_sales"" ON ""date_dim"".""d_date_sk"" = ""store_sales"".""ss_sold_date_sk"" LEFT JOIN ""promotion"" ON ""store_sales"".""ss_promo_sk"" = ""promotion"".""p_promo_sk"" WHERE ""promotion"".""p_end_date_sk"" BETWEEN 2450144 AND 2450955 AND ""date_dim"".""d_quarter_name"" BETWEEN '1902Q1' AND '2100Q1' AND ""store_sales"".""ss_wholesale_cost"" BETWEEN 1.98 AND 100.0;"
q04.sql,2,40506232,customer|customer_address|store_sales,3,6b80e7cc,ok,"SELECT DISTINCT ON(""customer"".""c_customer_sk"") ""customer"".""c_birth_month"" FROM ""customer"" LEFT JOIN ""customer_address"" ON ""customer"".""c_current_addr_sk"" = ""customer_address"".""ca_address_sk"" LEFT JOIN ""store_sales"" ON ""customer_address"".""ca_address_sk"" = ""store_sales"".""ss_addr_sk"" WHERE ""customer"".""c_first_sales_date_sk"" BETWEEN 2449032 AND 2452648 AND ""store_sales"".""ss_ext_tax"" BETWEEN 0.0 AND 1749.87 AND ""customer_address"".""ca_street_type"" BETWEEN 'Ave' AND 'Wy';"
q05.sql,17,11588836,catalog_page|catalog_returns|catalog_sales|customer|customer_address|customer_demographics|date_dim|household_demographics|income_band|inventory|item|promotion|store_returns|store_sales|web_page|web_returns|web_sales|web_site,18,c3b62bf1,ok,"SELECT DISTINCT ON(""web_sales"".""ws_sold_date_sk"") ""web_sales"".""ws_ext_wholesale_cost"" FROM ""web_sales"" LEFT JOIN ""household_demographics"" ON ""web_sales"".""ws_bill_hdemo_sk"" = ""household_demographics"".""hd_demo_sk"" LEFT JOIN ""web_site"" ON ""web_sales"".""ws_web_site_sk"" = ""web_site"".""web_site_sk"" LEFT JOIN ""promotion"" ON ""web_sales"".""ws_promo_sk"" = ""promotion"".""p_promo_sk"" LEFT JOIN ""store_sales"" ON ""promotion"".""p_promo_sk"" = ""store_sales"".""ss_promo_sk"" LEFT JOIN ""customer"" ON ""web_sales"".""ws_bill_customer_sk"" = ""customer"".""c_customer_sk"" LEFT JOIN ""catalog_sales"" ON ""promotion"".""p_promo_sk"" = ""catalog_sales"".""cs_promo_sk"" LEFT JOIN ""customer_address"" ON ""store_sales"".""ss_addr_sk"" = ""customer_address"".""ca_address_sk"" LEFT JOIN ""date_dim"" ON ""web_sales"".""ws_sold_date_sk"" = ""date_dim"".""d_date_sk"" LEFT JOIN ""store_returns"" ON ""customer"".""c_customer_sk"" = ""store_returns"".""sr_customer_sk"" LEFT JOIN ""catalog_page"" ON ""catalog_sales"".""cs_catalog_page_sk"" = ""catalog_page"".""cp_catalog_page_sk"" LEFT JOIN ""income_band"" ON ""household_demographics"".""hd_income_band_sk"" = ""income_band"".""ib_income_band_sk"" LEFT JOIN ""web_page"" ON ""web_sales"".""ws_web_page_sk"" = ""web_page"".""wp_web_page_sk"" LEFT JOIN ""web_returns"" ON ""web_page"".""wp_web_page_sk"" = ""web_returns"".""wr_web_page_sk"" LEFT JOIN ""customer_demographics"" ON ""catalog_sales"".""cs_bill_cdemo_sk"" = ""customer_demographics"".""cd_demo_sk"" LEFT JOIN ""item"" ON ""web_returns"".""wr_item_sk"" = ""item"".""i_item_sk"" LEFT JOIN ""catalog_returns"" ON ""customer"".""c_customer_sk"" = ""catalog_returns"".""cr_refunded_customer_sk"" LEFT JOIN ""inventory"" ON ""date_dim"".""d_date_sk"" = ""inventory"".""inv_date_sk"" WHERE ""customer_demographics"".""cd_dep_count"" BETWEEN 0 AND 6 AND ""store_returns"".""sr_ticket_number"" BETWEEN 2453 AND 240000 AND ""inventory"".""inv_quantity_on_hand"" BETWEEN 9 AND 1000 AND ""customer_address"".""ca_zip"" BETWEEN '04736' AND '99981' AND ""catalog_page"".""cp_catalog_page_number"" BETWEEN 2 AND 108 AND ""web_page"".""wp_customer_sk"" BETWEEN 3043 AND 98633 AND ""web_returns"".""wr_returned_time_sk"" BETWEEN 3618 AND 86398 AND ""promotion"".""p_channel_dmail"" BETWEEN 'N' AND 'Y' AND ""item"".""i_formulation"" BETWEEN '011044snow5914895795' AND 'yellow98525476168526' AND ""catalog_sales"".""cs_ext_ship_cost"" BETWEEN 0.0 AND 14416.0 AND ""catalog_returns"".""cr_warehouse_sk"" BETWEEN 1 AND 5 AND ""household_demographics"".""hd_buy_potential"" BETWEEN '0-500' AND 'Unknown' AND ""income_band"".""ib_upper_bound"" BETWEEN 11900 AND 200000 AND ""store_sales"".""ss_ext_list_price"" BETWEEN 46.0 AND 19984.0 AND ""customer"".""c_birth_country"" BETWEEN 'ALBANIA' AND 'ZIMBABWE' AND ""date_dim"".""d_current_quarter"" BETWEEN 'N' AND 'Y' AND ""web_sales"".""ws_ext_list_price"" BETWEEN 57.78 AND 29471.31 AND ""web_site"".""web_manager"" BETWEEN 'Arnoldo Reed' AND 'William Carter';"
q06.sql,4,41706232,catalog_sales|customer_address|household_demographics|web_page|web_sales,5,542b015e,ok,"SELECT DISTINCT ON(""customer_address"".""ca_address_sk"") ""customer_address"".""ca_state"" FROM ""customer_address"" LEFT JOIN ""web_sales"" ON ""customer_address"".""ca_address_sk"" = ""web_sales"".""ws_bill_addr_sk"" LEFT JOIN ""household_demographics"" ON ""web_sales"".""ws_bill_hdemo_sk"" = ""household_demographics"".""hd_demo_sk"" LEFT JOIN ""catalog_sales"" ON ""household_demographics"".""hd_demo_sk"" = ""catalog_sales"".""cs_bill_hdemo_sk"" LEFT JOIN ""web_page"" ON ""web_sales"".""ws_web_page_sk"" = ""web_page"".""wp_web_page_sk"" WHERE ""web_sales"".""ws_sales_price"" BETWEEN 0.03 AND 299.16 AND ""customer_address"".""ca_street_type"" BETWEEN 'Ave' AND 'Wy' AND ""household_demographics"".""hd_vehicle_count"" BETWEEN -1 AND 4 AND ""catalog_sales"".""cs_net_paid_inc_ship_tax"" BETWEEN 25.14 AND 41670.68 AND ""web_page"".""wp_type"" BETWEEN 'ad' AND 'welcome';"
q07.sql,4,50890032,catalog_sales|customer_address|store|store_sales|time_dim,5,be126ccd,ok,"SELECT DISTINCT ON(""store_sales"".""ss_sold_date_sk"") ""store_sales"".""ss_quantity"" FROM ""store_sales"" LEFT JOIN ""store"" ON ""store_sales"".""ss_store_sk"" = ""store"".""s_store_sk"" LEFT JOIN ""time_dim"" ON ""store_sales"".""ss_sold_time_sk"" = ""time_dim"".""t_time_sk"" LEFT JOIN ""customer_address"" ON ""store_sales"".""ss_addr_sk"" = ""customer_address"".""ca_address_sk"" LEFT JOIN ""catalog_sales"" ON ""customer_address"".""ca_address_sk"" = ""catalog_sales"".""cs_bill_addr_sk"" WHERE ""store"".""s_state"" BETWEEN 'TN' AND 'TN' AND ""customer_address"".""ca_address_id"" BETWEEN 'AAAAAAAAACIIAAAA' AND 'AAAAAAAAPPPLAAAA' AND ""time_dim"".""t_minute"" BETWEEN 0 AND 59 AND ""catalog_sales"".""cs_ship_hdemo_sk"" BETWEEN 70 AND 7200 AND ""store_sales"".""ss_ext_wholesale_cost"" BETWEEN 32.04 AND 10000.0;"
q08.sql,5,38906712,customer_address|promotion|store_sales|time_dim|web_sales|web_site,6,1bb650d8,ok,"SELECT DISTINCT ON(""store_sales"".""ss_sold_date_sk"") ""store_sales"".""ss_list_price"" FROM ""store_sales"" LEFT JOIN ""promotion"" ON ""store_sales"".""ss_promo_sk"" = ""promotion"".""p_promo_sk"" LEFT JOIN ""web_sales"" ON ""promotion"".""p_promo_sk"" = ""web_sales"".""ws_promo_sk"" LEFT JOIN ""customer_address"" ON ""web_sales"".""ws_bill_addr_sk"" = ""customer_address"".""ca_address_sk"" LEFT JOIN ""web_site"" ON ""web_sales"".""ws_web_site_sk"" = ""web_site"".""web_site_sk"" LEFT JOIN ""time_dim"" ON ""store_sales"".""ss_sold_time_sk"" = ""time_dim"".""t_time_sk"" WHERE ""promotion"".""p_promo_name"" BETWEEN 'able' AND 'pri' AND ""web_sales"".""ws_net_paid_inc_ship"" BETWEEN 24.44 AND 41222.09 AND ""customer_address"".""ca_city"" BETWEEN 'Antioch' AND 'Youngstown' AND ""store_sales"".""ss_net_paid_inc_tax"" BETWEEN 0.0 AND 20669.67 AND ""time_dim"".""t_sub_shift"" BETWEEN 'afternoon' AND 'night' AND ""web_site"".""web_rec_start_date"" BETWEEN '1997-08-16T00:00:00' AND '2001-08-16';"
q09.sql,0,37445252,store_sales,1,7e79dfc7,ok,"SELECT DISTINCT ON(""store_sales"".""ss_sold_date_sk"") ""store_sales"".""ss_ext_discount_amt"" FROM ""store_sales"" WHERE ""store_sales"".""ss_net_paid"" BETWEEN 0.0 AND 19443.0;"
q10.sql,2,13874800,catalog_sales|customer|web_sales,3,23f1a9c8,ok,"SELECT DISTINCT ON(""customer"".""c_customer_sk"") ""customer"".""c_birth_country"" FROM ""customer"" LEFT JOIN ""web_sales"" ON ""customer"".""c_customer_sk"" = ""web_sales"".""ws_bill_customer_sk"" LEFT JOIN ""catalog_sales"" ON ""customer"".""c_customer_sk"" = ""catalog_sales"".""cs_bill_customer_sk"" WHERE ""customer"".""c_birth_country"" BETWEEN 'ALBANIA' AND 'ZIMBABWE' AND ""web_sales"".""ws_net_paid_inc_tax"" BETWEEN 0.0 AND 30821.43 AND ""catalog_sales"".""cs_list_price"" BETWEEN 3.58 AND 300.0;"
q11.sql,2,40506232,customer|customer_address|customer_demographics,3,cf2bdbb2,ok,"SELECT DISTINCT ON(""customer"".""c_customer_sk"") ""customer"".""c_birth_year"" FROM ""customer"" LEFT JOIN ""customer_address"" ON ""customer"".""c_current_addr_sk"" = ""customer_address"".""ca_address_sk"" LEFT JOIN ""customer_demographics"" ON ""customer"".""c_current_cdemo_sk"" = ""customer_demographics"".""cd_demo_sk"" WHERE ""customer_demographics"".""cd_dep_college_count"" BETWEEN 0 AND 6 AND ""customer"".""c_last_review_date_sk"" BETWEEN 2452286 AND 2452648 AND ""customer_address"".""ca_address_id"" BETWEEN 'AAAAAAAAACIIAAAA' AND 'AAAAAAAAPPPLAAAA';"
q12.sql,2,11982356,customer|household_demographics|web_sales,3,1d57876f,ok,"SELECT DISTINCT ON(""web_sales"".""ws_sold_date_sk"") ""web_sales"".""ws_quantity"" FROM ""web_sales"" LEFT JOIN ""household_demographics"" ON ""web_sales"".""ws_bill_hdemo_sk"" = ""household_demographics"".""hd_demo_sk"" LEFT JOIN ""customer"" ON ""web_sales"".""ws_bill_customer_sk"" = ""customer"".""c_customer_sk"" WHERE ""household_demographics"".""hd_buy_potential"" BETWEEN '0-500' AND 'Unknown' AND ""customer"".""c_preferred_cust_flag"" BETWEEN 'N' AND 'Y' AND ""web_sales"".""ws_warehouse_sk"" BETWEEN 1 AND 5;"
q13.sql,5,51210312,catalog_returns|catalog_sales|date_dim|household_demographics|promotion|store_sales,6,35a4d65d,ok,"SELECT DISTINCT ON(""store_sales"".""ss_sold_date_sk"") ""store_sales"".""ss_net_paid_inc_tax"" FROM ""store_sales"" LEFT JOIN ""household_demographics"" ON ""store_sales"".""ss_hdemo_sk"" = ""household_demographics"".""hd_demo_sk"" LEFT JOIN ""promotion"" ON ""store_sales"".""ss_promo_sk"" = ""promotion"".""p_promo_sk"" LEFT JOIN ""date_dim"" ON ""store_sales"".""ss_sold_date_sk"" = ""date_dim"".""d_date_sk"" LEFT JOIN ""catalog_returns"" ON ""date_dim"".""d_date_sk"" = ""catalog_returns"".""cr_returned_date_sk"" LEFT JOIN ""catalog_sales"" ON ""household_demographics"".""hd_demo_sk"" = ""catalog_sales"".""cs_bill_hdemo_sk"" WHERE ""promotion"".""p_channel_demo"" BETWEEN 'N' AND 'N' AND ""catalog_sales"".""cs_ext_tax"" BETWEEN 0.0 AND 2416.94 AND ""catalog_returns"".""cr_return_ship_cost"" BETWEEN 0.0 AND 12448.43 AND ""household_demographics"".""hd_vehicle_count"" BETWEEN -1 AND 4 AND ""store_sales"".""ss_ext_list_price"" BETWEEN 46.0 AND 19984.0 AND ""date_dim"".""d_qoy"" BETWEEN 1 AND 4;"
q14.sql,5,1918980,catalog_page|catalog_returns|customer|item|store_returns|store_sales,6,ce093724,ok,"SELECT DISTINCT ON(""item"".""i_item_sk"") ""item"".""i_manufact_id"" FROM ""item"" LEFT JOIN ""catalog_returns"" ON ""item"".""i_item_sk"" = ""catalog_returns"".""cr_item_sk"" LEFT JOIN ""store_returns"" ON ""item"".""i_item_sk"" = ""store_returns"".""sr_item_sk"" LEFT JOIN ""store_sales"" ON ""item"".""i_item_sk"" = ""store_sales"".""ss_item_sk"" LEFT JOIN ""customer"" ON ""store_returns"".""sr_customer_sk"" = ""customer"".""c_customer_sk"" LEFT JOIN ""catalog_page"" ON ""catalog_returns"".""cr_catalog_page_sk"" = ""catalog_page"".""cp_catalog_page_sk"" WHERE ""customer"".""c_birth_country"" BETWEEN 'ALBANIA' AND 'ZIMBABWE' AND ""catalog_page"".""cp_catalog_number"" BETWEEN 2 AND 109 AND ""store_sales"".""ss_ext_sales_price"" BETWEEN 0.08 AND 19308.0 AND ""item"".""i_container"" BETWEEN 'Unknown' AND 'Unknown' AND ""catalog_returns"".""cr_returning_addr_sk"" BETWEEN 479 AND 50000 AND ""store_returns"".""sr_return_amt"" BETWEEN 0.02 AND 17202.21;"
q15.sql,3,23992652,catalog_page|catalog_sales|customer|household_demographics,4,54d6e09f,ok,"SELECT DISTINCT ON(""catalog_sales"".""cs_sold_date_sk"") ""catalog_sales"".""cs_warehouse_sk"" FROM ""catalog_sales"" LEFT JOIN ""household_demographics"" ON ""catalog_sales"".""cs_bill_hdemo_sk"" = ""household_demographics"".""hd_demo_sk"" LEFT JOIN ""catalog_page"" ON ""catalog_sales"".""cs_catalog_page_sk"" = ""catalog_page"".""cp_catalog_page_sk"" LEFT JOIN ""customer"" ON ""household_demographics"".""hd_demo_sk"" = ""customer"".""c_current_hdemo_sk"" WHERE ""catalog_page"".""cp_type"" BETWEEN 'bi-annual' AND 'quarterly' AND ""customer"".""c_birth_month"" BETWEEN 1 AND 12 AND ""household_demographics"".""hd_buy_potential"" BETWEEN '0-500' AND 'Unknown' AND ""catalog_sales"".""cs_ext_tax"" BETWEEN 0.0 AND 2416.94;"
q16.sql,3,22400652,catalog_sales|customer|customer_address|store_sales,4,d9bd85d7,ok,"SELECT DISTINCT ON(""catalog_sales"".""cs_sold_date_sk"") ""catalog_sales"".""cs_order_number"" FROM ""catalog_sales"" LEFT JOIN ""customer_address"" ON ""catalog_sales"".""cs_bill_addr_sk"" = ""customer_address"".""ca_address_sk"" LEFT JOIN ""store_sales"" ON ""customer_address"".""ca_address_sk"" = ""store_sales"".""ss_addr_sk"" LEFT JOIN ""customer"" ON ""catalog_sales"".""cs_bill_customer_sk"" = ""customer"".""c_customer_sk"" WHERE ""customer"".""c_first_name"" BETWEEN 'Albert' AND 'Zulma' AND ""store_sales"".""ss_net_profit"" BETWEEN -6524.02 AND 9407.0 AND ""customer_address"".""ca_address_id"" BETWEEN 'AAAAAAAAACIIAAAA' AND 'AAAAAAAAPPPLAAAA' AND ""catalog_sales"".""cs_ship_hdemo_sk"" BETWEEN 70 AND 7200;"
q17.sql,7,62126010,customer|customer_demographics|date_dim|item|store_returns|store_sales|web_returns|web_sales,8,07343f08,ok,"SELECT DISTINCT ON(""store_sales"".""ss_sold_date_sk"") ""store_sales"".""ss_list_price"" FROM ""store_sales"" LEFT JOIN ""date_dim"" ON ""store_sales"".""ss_sold_date_sk"" = ""date_dim"".""d_date_sk"" LEFT JOIN ""web_sales"" ON ""date_dim"".""d_date_sk"" = ""web_sales"".""ws_sold_date_sk"" LEFT JOIN ""customer"" ON ""web_sales"".""ws_bill_customer_sk"" = ""customer"".""c_customer_sk"" LEFT JOIN ""store_returns"" ON ""customer"".""c_customer_sk"" = ""store_returns"".""sr_customer_sk"" LEFT JOIN ""customer_demographics"" ON ""web_sales"".""ws_bill_cdemo_sk"" = ""customer_demographics"".""cd_demo_sk"" LEFT JOIN ""web_returns"" ON ""date_dim"".""d_date_sk"" = ""web_returns"".""wr_returned_date_sk"" LEFT JOIN ""item"" ON ""store_sales"".""ss_item_sk"" = ""item"".""i_item_sk"" WHERE ""customer_demographics"".""cd_credit_rating"" BETWEEN 'Good' AND 'Unknown' AND ""store_returns"".""sr_reversed_charge"" BETWEEN 0.0 AND 10981.28 AND ""web_returns"".""wr_returning_cdemo_sk"" BETWEEN 19221 AND 1920785 AND ""item"".""i_brand"" BETWEEN 'amalgamalg #1' AND 'univunivamalg #9' AND ""store_sales"".""ss_sales_price"" BETWEEN 0.01 AND 199.56 AND ""customer"".""c_salutation"" BETWEEN 'Dr.' AND 'Sir' AND ""date_dim"".""d_qoy"" BETWEEN 1 AND 4 AND ""web_sales"".""ws_ship_customer_sk"" BETWEEN 1040 AND 99999;"
q18.sql,6,35967452,catalog_sales|customer|customer_address|customer_demographics|promotion|store_sales|web_sales,7,3e1f6c32,ok,"SELECT DISTINCT ON(""catalog_sales"".""cs_sold_date_sk"") ""catalog_sales"".""cs_ship_addr_sk"" FROM ""catalog_sales"" LEFT JOIN ""customer_address"" ON ""catalog_sales"".""cs_bill_addr_sk"" = ""customer_address"".""ca_address_sk"" LEFT JOIN ""customer_demographics"" ON ""catalog_sales"".""cs_bill_cdemo_sk"" = ""customer_demographics"".""cd_demo_sk"" LEFT JOIN ""customer"" ON ""catalog_sales"".""cs_bill_customer_sk"" = ""customer"".""c_customer_sk"" LEFT JOIN ""web_sales"" ON ""customer_demographics"".""cd_demo_sk"" = ""web_sales"".""ws_bill_cdemo_sk"" LEFT JOIN ""promotion"" ON ""web_sales"".""ws_promo_sk"" = ""promotion"".""p_promo_sk"" LEFT JOIN ""store_sales"" ON ""customer"".""c_customer_sk"" = ""store_sales"".""ss_customer_sk"" WHERE ""customer"".""c_birth_year"" BETWEEN 1924 AND 1992 AND ""customer_demographics"".""cd_education_status"" BETWEEN '2 yr Degree' AND 'Unknown' AND ""promotion"".""p_channel_demo"" BETWEEN 'N' AND 'N' AND ""web_sales"".""ws_ship_hdemo_sk"" BETWEEN 71 AND 7200 AND ""customer_address"".""ca_street_type"" BETWEEN 'Ave' AND 'Wy' AND ""store_sales"".""ss_ext_discount_amt"" BETWEEN 0.0 AND 17588.25 AND ""catalog_sales"".""cs_ext_sales_price"" BETWEEN 0.23 AND 28767.0;"
q19.sql,5,41706712,catalog_returns|customer|date_dim|store_returns|web_page|web_returns,6,cec163fa,ok,"SELECT DISTINCT ON(""date_dim"".""d_date_sk"") ""date_dim"".""d_date_sk"" FROM ""date_dim"" LEFT JOIN ""web_returns"" ON ""date_dim"".""d_date_sk"" = ""web_returns"".""wr_returned_date_sk"" LEFT JOIN ""catalog_returns"" ON ""date_dim"".""d_date_sk"" = ""catalog_returns"".""cr_returned_date_sk"" LEFT JOIN ""store_returns"" ON ""date_dim"".""d_date_sk"" = ""store_returns"".""sr_returned_date_sk"" LEFT JOIN ""customer"" ON ""store_returns"".""sr_customer_sk"" = ""customer"".""c_customer_sk"" LEFT JOIN ""web_page"" ON ""web_returns"".""wr_web_page_sk"" = ""web_page"".""wp_web_page_sk"" WHERE ""store_returns"".""sr_addr_sk"" BETWEEN 487 AND 50000 AND ""web_page"".""wp_rec_start_date"" BETWEEN '1997-09-03T00:00:00' AND '2001-09-03' AND ""web_returns"".""wr_order_number"" BETWEEN 635 AND 59999 AND ""catalog_returns"".""cr_net_loss"" BETWEEN 21.49 AND 12998.06 AND ""customer"".""c_email_address"" BETWEEN 'Albert.Pierce@99v1bsAFZbCLBZEV3.org' AND 'Zulma.Carter@MfvjVN43Udd95KeZ.com' AND ""date_dim"".""d_current_day"" BETWEEN 'N' AND 'N';"
q20.sql,2,22092652,catalog_sales|customer_address|promotion,3,0b15312b,ok,"SELECT DISTINCT ON(""catalog_sales"".""cs_sold_date_sk"") ""catalog_sales"".""cs_call_center_sk"" FROM ""catalog_sales"" LEFT JOIN ""customer_address"" ON ""catalog_sales"".""cs_bill_addr_sk"" = ""customer_address"".""ca_address_sk"" LEFT JOIN ""promotion"" ON ""catalog_sales"".""cs_promo_sk"" = ""promotion"".""p_promo_sk"" WHERE ""promotion"".""p_channel_catalog"" BETWEEN 'N' AND 'N' AND ""customer_address"".""ca_street_number"" BETWEEN '107' AND '999' AND ""catalog_sales"".""cs_net_paid_inc_ship"" BETWEEN 24.53 AND 40364.0;"
q21.sql,6,1927080,catalog_returns|catalog_sales|household_demographics|inventory|item|warehouse|web_sales,7,a4b18f20,ok,"SELECT DISTINCT ON(""warehouse"".""w_warehouse_sk"") ""warehouse"".""w_warehouse_name"" FROM ""warehouse"" LEFT JOIN ""inventory"" ON ""warehouse"".""w_warehouse_sk"" = ""inventory"".""inv_warehouse_sk"" LEFT JOIN ""item"" ON ""inventory"".""inv_item_sk"" = ""item"".""i_item_sk"" LEFT JOIN ""catalog_sales"" ON ""item"".""i_item_sk"" = ""catalog_sales"".""cs_item_sk"" LEFT JOIN ""household_demographics"" ON ""catalog_sales"".""cs_bill_hdemo_sk"" = ""household_demographics"".""hd_demo_sk"" LEFT JOIN ""catalog_returns"" ON ""item"".""i_item_sk"" = ""catalog_returns"".""cr_item_sk"" LEFT JOIN ""web_sales"" ON ""item"".""i_item_sk"" = ""web_sales"".""ws_item_sk"" WHERE ""inventory"".""inv_quantity_on_hand"" BETWEEN 9 AND 1000 AND ""item"".""i_brand_id"" BETWEEN 1001001 AND 10016017 AND ""catalog_sales"".""cs_call_center_sk"" BETWEEN 1 AND 6 AND ""catalog_returns"".""cr_returning_addr_sk"" BETWEEN 479 AND 50000 AND ""household_demographics"".""hd_vehicle_count"" BETWEEN -1 AND 4 AND ""warehouse"".""w_zip"" BETWEEN '35709' AND '35709' AND ""web_sales"".""ws_ext_wholesale_cost"" BETWEEN 32.22 AND 10000.0;"
q22.sql,2,37145980,date_dim|inventory|item,3,e84b7f3b,ok,"SELECT DISTINCT ON(""inventory"".""inv_date_sk"") ""inventory"".""inv_date_sk"" FROM ""inventory"" LEFT JOIN ""date_dim"" ON ""inventory"".""inv_date_sk"" = ""date_dim"".""d_date_sk"" LEFT JOIN ""item"" ON ""inventory"".""inv_item_sk"" = ""item"".""i_item_sk"" WHERE ""date_dim"".""d_week_seq"" BETWEEN 105 AND 10436 AND ""inventory"".""inv_quantity_on_hand"" BETWEEN 9 AND 1000 AND ""item"".""i_units"" BETWEEN 'Box' AND 'Unknown';"
q23.sql,5,38906232,catalog_sales|customer|customer_address|household_demographics|item|store_sales,6,34506b74,ok,"SELECT DISTINCT ON(""store_sales"".""ss_sold_date_sk"") ""store_sales"".""ss_ext_tax"" FROM ""store_sales"" LEFT JOIN ""customer"" ON ""store_sales"".""ss_customer_sk"" = ""customer"".""c_customer_sk"" LEFT JOIN ""customer_address"" ON ""customer"".""c_current_addr_sk"" = ""customer_address"".""ca_address_sk"" LEFT JOIN ""household_demographics"" ON ""store_sales"".""ss_hdemo_sk"" = ""household_demographics"".""hd_demo_sk"" LEFT JOIN ""item"" ON ""store_sales"".""ss_item_sk"" = ""item"".""i_item_sk"" LEFT JOIN ""catalog_sales"" ON ""customer"".""c_customer_sk"" = ""catalog_sales"".""cs_bill_customer_sk"" WHERE ""customer_address"".""ca_street_type"" BETWEEN 'Ave' AND 'Wy' AND ""item"".""i_brand_id"" BETWEEN 1001001 AND 10016017 AND ""catalog_sales"".""cs_ext_discount_amt"" BETWEEN 0.14 AND 28300.44 AND ""household_demographics"".""hd_dep_count"" BETWEEN 0 AND 9 AND ""store_sales"".""ss_ticket_number"" BETWEEN 2400 AND 240000 AND ""customer"".""c_preferred_cust_flag"" BETWEEN 'N' AND 'Y';"
q24.sql,5,42833358,customer_demographics|date_dim|promotion|store|store_sales|web_returns,6,a405e8e2,ok,"SELECT DISTINCT ON(""store_sales"".""ss_sold_date_sk"") ""store_sales"".""ss_ticket_number"" FROM ""store_sales"" LEFT JOIN ""promotion"" ON ""store_sales"".""ss_promo_sk"" = ""promotion"".""p_promo_sk"" LEFT JOIN ""date_dim"" ON ""store_sales"".""ss_sold_date_sk"" = ""date_dim"".""d_date_sk"" LEFT JOIN ""web_returns"" ON ""date_dim"".""d_date_sk"" = ""web_returns"".""wr_returned_date_sk"" LEFT JOIN ""customer_demographics"" ON ""store_sales"".""ss_cdemo_sk"" = ""customer_demographics"".""cd_demo_sk"" LEFT JOIN ""store"" ON ""store_sales"".""ss_store_sk"" = ""store"".""s_store_sk"" WHERE ""customer_demographics"".""cd_marital_status"" BETWEEN 'D' AND 'W' AND ""promotion"".""p_channel_tv"" BETWEEN 'N' AND 'N' AND ""store"".""s_market_desc"" BETWEEN 'At all african females might not become able aims. Good, final men tell; cas' AND 'Results would face m' AND ""date_dim"".""d_week_seq"" BETWEEN 105 AND 10436 AND ""web_returns"".""wr_return_amt"" BETWEEN 0.55 AND 21564.8 AND ""store_sales"".""ss_ext_wholesale_cost"" BETWEEN 32.04 AND 10000.0;"
q25.sql,7,62126010,catalog_sales|customer|customer_address|customer_demographics|date_dim|household_demographics|store_sales|web_returns,8,354badb2,ok,"SELECT DISTINCT ON(""store_sales"".""ss_sold_date_sk"") ""store_sales"".""ss_ext_discount_amt"" FROM ""store_sales"" LEFT JOIN ""household_demographics"" ON ""store_sales"".""ss_hdemo_sk"" = ""household_demographics"".""hd_demo_sk"" LEFT JOIN ""customer_address"" ON ""store_sales"".""ss_addr_sk"" = ""customer_address"".""ca_address_sk"" LEFT JOIN ""customer_demographics"" ON ""store_sales"".""ss_cdemo_sk"" = ""customer_demographics"".""cd_demo_sk"" LEFT JOIN ""customer"" ON ""customer_demographics"".""cd_demo_sk"" = ""customer"".""c_current_cdemo_sk"" LEFT JOIN ""catalog_sales"" ON ""customer_address"".""ca_address_sk"" = ""catalog_sales"".""cs_bill_addr_sk"" LEFT JOIN ""web_returns"" ON ""customer"".""c_customer_sk"" = ""web_returns"".""wr_refunded_customer_sk"" LEFT JOIN ""date_dim"" ON ""catalog_sales"".""cs_sold_date_sk"" = ""date_dim"".""d_date_sk"" WHERE ""customer_demographics"".""cd_marital_status"" BETWEEN 'D' AND 'W' AND ""customer_address"".""ca_state"" BETWEEN 'AL' AND 'WY' AND ""web_returns"".""wr_return_quantity"" BETWEEN 1 AND 100 AND ""catalog_sales"".""cs_ship_hdemo_sk"" BETWEEN 70 AND 7200 AND ""household_demographics"".""hd_vehicle_count"" BETWEEN -1 AND 4 AND ""store_sales"".""ss_net_paid"" BETWEEN 0.0 AND 19443.0 AND ""customer"".""c_last_name"" BETWEEN 'Alfred' AND 'Zuniga' AND ""date_dim"".""d_current_day"" BETWEEN 'N' AND 'N';"
q26.sql,4,33626452,catalog_sales|date_dim|inventory|item|store_sales,5,93be2c07,ok,"SELECT DISTINCT ON(""catalog_sales"".""cs_sold_date_sk"") ""catalog_sales"".""cs_ship_date_sk"" FROM ""catalog_sales"" LEFT JOIN ""date_dim"" ON ""catalog_sales"".""cs_sold_date_sk"" = ""date_dim"".""d_date_sk"" LEFT JOIN ""inventory"" ON ""date_dim"".""d_date_sk"" = ""inventory"".""inv_date_sk"" LEFT JOIN ""store_sales"" ON ""date_dim"".""d_date_sk"" = ""store_sales"".""ss_sold_date_sk"" LEFT JOIN ""item"" ON ""catalog_sales"".""cs_item_sk"" = ""item"".""i_item_sk"" WHERE ""date_dim"".""d_current_day"" BETWEEN 'N' AND 'N' AND ""store_sales"".""ss_wholesale_cost"" BETWEEN 1.98 AND 100.0 AND ""item"".""i_manufact"" BETWEEN 'ableablepri' AND 'pripripri' AND ""catalog_sales"".""cs_net_paid_inc_tax"" BETWEEN 0.0 AND 30261.56 AND ""inventory"".""inv_quantity_on_hand"" BETWEEN 9 AND 1000;"
q27.sql,4,50881512,customer|promotion|store_sales|web_returns|web_sales,5,0bb2e1f8,ok,"SELECT DISTINCT ON(""store_sales"".""ss_sold_date_sk"") ""store_sales"".""ss_wholesale_cost"" FROM ""store_sales"" LEFT JOIN ""promotion"" ON ""store_sales"".""ss_promo_sk"" = ""promotion"".""p_promo_sk"" LEFT JOIN ""web_sales"" ON ""promotion"".""p_promo_sk"" = ""web_sales"".""ws_promo_sk"" LEFT JOIN ""customer"" ON ""store_sales"".""ss_customer_sk"" = ""customer"".""c_customer_sk"" LEFT JOIN ""web_returns"" ON ""customer"".""c_customer_sk"" = ""web_returns"".""wr_refunded_customer_sk"" WHERE ""web_returns"".""wr_order_number"" BETWEEN 635 AND 59999 AND ""promotion"".""p_purpose"" BETWEEN 'Unknown' AND 'Unknown' AND ""store_sales"".""ss_ticket_number"" BETWEEN 2400 AND 240000 AND ""customer"".""c_last_review_date_sk"" BETWEEN 2452286 AND 2452648 AND ""web_sales"".""ws_ship_mode_sk"" BETWEEN 1 AND 20;"
q28.sql,2,8000,call_center,1,ed6bc798,ok,"SELECT DISTINCT ON(""call_center"".""cc_call_center_sk"") ""call_center"".""cc_division"" FROM ""call_center"" WHERE ""call_center"".""cc_country"" BETWEEN 'United States' AND 'United States';"
q29.sql,7,62126010,catalog_page|catalog_sales|customer_address|customer_demographics|household_demographics|promotion|store_sales|web_sales,8,2e43927c,ok,"SELECT DISTINCT ON(""store_sales"".""ss_sold_date_sk"") ""store_sales"".""ss_coupon_amt"" FROM ""store_sales"" LEFT JOIN ""household_demographics"" ON ""store_sales"".""ss_hdemo_sk"" = ""household_demographics"".""hd_demo_sk"" LEFT JOIN ""customer_demographics"" ON ""store_sales"".""ss_cdemo_sk"" = ""customer_demographics"".""cd_demo_sk"" LEFT JOIN ""catalog_sales"" ON ""household_demographics"".""hd_demo_sk"" = ""catalog_sales"".""cs_bill_hdemo_sk"" LEFT JOIN ""promotion"" ON ""catalog_sales"".""cs_promo_sk"" = ""promotion"".""p_promo_sk"" LEFT JOIN ""web_sales"" ON ""promotion"".""p_promo_sk"" = ""web_sales"".""ws_promo_sk"" LEFT JOIN ""catalog_page"" ON ""catalog_sales"".""cs_catalog_page_sk"" = ""catalog_page"".""cp_catalog_page_sk"" LEFT JOIN ""customer_address"" ON ""web_sales"".""ws_bill_addr_sk"" = ""customer_address"".""ca_address_sk"" WHERE ""customer_demographics"".""cd_dep_college_count"" BETWEEN 0 AND 6 AND ""customer_address"".""ca_county"" BETWEEN 'Aleutians East Borough' AND 'Ziebach County' AND ""catalog_page"".""cp_description"" BETWEEN 'Acceptable, wrong years tell still on a police. On' AND 'Youngsters must provide other, intermediate clouds. Yesterday whole cars h' AND ""promotion"".""p_channel_catalog"" BETWEEN 'N' AND 'N' AND ""catalog_sales"".""cs_ship_customer_sk"" BETWEEN 1025 AND 100000 AND ""household_demographics"".""hd_vehicle_count"" BETWEEN -1 AND 4 AND ""store_sales"".""ss_list_price"" BETWEEN 2.85 AND 200.0 AND ""web_sales"".""ws_ship_mode_sk"" BETWEEN 1 AND 20;"
q30.sql,2,2856847,customer|web_page|web_returns,3,9e456273,ok,"SELECT DISTINCT ON(""web_returns"".""wr_returned_date_sk"") ""web_returns"".""wr_reason_sk"" FROM ""web_returns"" LEFT JOIN ""customer"" ON ""web_returns"".""wr_refunded_customer_sk"" = ""customer"".""c_customer_sk"" LEFT JOIN ""web_page"" ON ""web_returns"".""wr_web_page_sk"" = ""web_page"".""wp_web_page_sk"" WHERE ""web_page"".""wp_autogen_flag"" BETWEEN 'N' AND 'Y' AND ""customer"".""c_salutation"" BETWEEN 'Dr.' AND 'Sir' AND ""web_returns"".""wr_return_quantity"" BETWEEN 1 AND 100;"
q31.sql,2,39656232,item|store_returns|store_sales,3,76db90ea,ok,"SELECT DISTINCT ON(""store_sales"".""ss_sold_date_sk"") ""store_sales"".""ss_net_profit"" FROM ""store_sales"" LEFT JOIN ""item"" ON ""store_sales"".""ss_item_sk"" = ""item"".""i_item_sk"" LEFT JOIN ""store_returns"" ON ""item"".""i_item_sk"" = ""store_returns"".""sr_item_sk"" WHERE ""store_returns"".""sr_refunded_cash"" BETWEEN 0.0 AND 15603.05 AND ""item"".""i_item_desc"" BETWEEN 'Accounts would not knock widely other, only funds; historical, fun jobs improve lessons. Soft tears join lines. United systems rea' AND 'Youngsters decide well numbers. Just cold countries eat other, young eyes. Special' AND ""store_sales"".""ss_coupon_amt"" BETWEEN 0.0 AND 17588.25;"
q32.sql,2,22092652,catalog_sales|date_dim|web_sales,3,3d171841,ok,"SELECT DISTINCT ON(""catalog_sales"".""cs_sold_date_sk"") ""catalog_sales"".""cs_bill_addr_sk"" FROM ""catalog_sales"" LEFT JOIN ""date_dim"" ON ""catalog_sales"".""cs_sold_date_sk"" = ""date_dim"".""d_date_sk"" LEFT JOIN ""web_sales"" ON ""date_dim"".""d_date_sk"" = ""web_sales"".""ws_sold_date_sk"" WHERE ""date_dim"".""d_quarter_seq"" BETWEEN 9 AND 801 AND ""web_sales"".""ws_quantity"" BETWEEN 2 AND 100 AND ""catalog_sales"".""cs_warehouse_sk"" BETWEEN 1 AND 5;"
q33.sql,3,40106232,household_demographics|promotion|store_sales|time_dim,4,2bd8dfe8,ok,"SELECT DISTINCT ON(""store_sales"".""ss_sold_date_sk"") ""store_sales"".""ss_net_profit"" FROM ""store_sales"" LEFT JOIN ""household_demographics"" ON ""store_sales"".""ss_hdemo_sk"" = ""household_demographics"".""hd_demo_sk"" LEFT JOIN ""promotion"" ON ""store_sales"".""ss_promo_sk"" = ""promotion"".""p_promo_sk"" LEFT JOIN ""time_dim"" ON ""store_sales"".""ss_sold_time_sk"" = ""time_dim"".""t_time_sk"" WHERE ""time_dim"".""t_meal_time"" BETWEEN '' AND 'lunch' AND ""household_demographics"".""hd_buy_potential"" BETWEEN '0-500' AND 'Unknown' AND ""promotion"".""p_promo_id"" BETWEEN 'AAAAAAAAABBAAAAA' AND 'AAAAAAAAPPAAAAAA' AND ""store_sales"".""ss_wholesale_cost"" BETWEEN 1.98 AND 100.0;"
q34.sql,5,1506260,customer|date_dim|inventory|store_returns|web_sales|web_site,6,abec188c,ok,"SELECT DISTINCT ON(""date_dim"".""d_date_sk"") ""date_dim"".""d_holiday"" FROM ""date_dim"" LEFT JOIN ""web_sales"" ON ""date_dim"".""d_date_sk"" = ""web_sales"".""ws_sold_date_sk"" LEFT JOIN ""store_returns"" ON ""date_dim"".""d_date_sk"" = ""store_returns"".""sr_returned_date_sk"" LEFT JOIN ""customer"" ON ""store_returns"".""sr_customer_sk"" = ""customer"".""c_customer_sk"" LEFT JOIN ""web_site"" ON ""web_sales"".""ws_web_site_sk"" = ""web_site"".""web_site_sk"" LEFT JOIN ""inventory"" ON ""date_dim"".""d_date_sk"" = ""inventory"".""inv_date_sk"" WHERE ""customer"".""c_last_name"" BETWEEN 'Alfred' AND 'Zuniga' AND ""date_dim"".""d_quarter_name"" BETWEEN '1902Q1' AND '2100Q1' AND ""web_sales"".""ws_ship_customer_sk"" BETWEEN 1040 AND 99999 AND ""store_returns"".""sr_ticket_number"" BETWEEN 2453 AND 240000 AND ""inventory"".""inv_quantity_on_hand"" BETWEEN 9 AND 1000 AND ""web_site"".""web_city"" BETWEEN 'Fairview' AND 'Midway';"
q35.sql,2,13874800,customer|store|store_sales,3,9f4d07c4,ok,"SELECT DISTINCT ON(""customer"".""c_customer_sk"") ""customer"".""c_birth_day"" FROM ""customer"" LEFT JOIN ""store_sales"" ON ""customer"".""c_customer_sk"" = ""store_sales"".""ss_customer_sk"" LEFT JOIN ""store"" ON ""store_sales"".""ss_store_sk"" = ""store"".""s_store_sk"" WHERE ""store"".""s_division_name"" BETWEEN 'Unknown' AND 'Unknown' AND ""customer"".""c_first_shipto_date_sk"" BETWEEN 2449062 AND 2452678 AND ""store_sales"".""ss_ext_tax"" BETWEEN 0.0 AND 1749.87;"
q36.sql,3,39356712,customer|store|store_sales|time_dim,4,63364781,ok,"SELECT DISTINCT ON(""store_sales"".""ss_sold_date_sk"") ""store_sales"".""ss_hdemo_sk"" FROM ""store_sales"" LEFT JOIN ""customer"" ON ""store_sales"".""ss_customer_sk"" = ""customer"".""c_customer_sk"" LEFT JOIN ""time_dim"" ON ""store_sales"".""ss_sold_time_sk"" = ""time_dim"".""t_time_sk"" LEFT JOIN ""store"" ON ""store_sales"".""ss_store_sk"" = ""store"".""s_store_sk"" WHERE ""customer"".""c_birth_month"" BETWEEN 1 AND 12 AND ""store_sales"".""ss_sales_price"" BETWEEN 0.01 AND 199.56 AND ""time_dim"".""t_meal_time"" BETWEEN '' AND 'lunch' AND ""store"".""s_city"" BETWEEN 'Fairview' AND 'Midway';"
q37.sql,3,57327652,customer_address|item|store_sales|web_returns,4,5d407128,ok,"SELECT DISTINCT ON(""item"".""i_item_sk"") ""item"".""i_units"" FROM ""item"" LEFT JOIN ""store_sales"" ON ""item"".""i_item_sk"" = ""store_sales"".""ss_item_sk"" LEFT JOIN ""customer_address"" ON ""store_sales"".""ss_addr_sk"" = ""customer_address"".""ca_address_sk"" LEFT JOIN ""web_returns"" ON ""item"".""i_item_sk"" = ""web_returns"".""wr_item_sk"" WHERE ""customer_address"".""ca_gmt_offset"" BETWEEN -8.0 AND -5.0 AND ""web_returns"".""wr_return_tax"" BETWEEN 0.0 AND 1833.66 AND ""item"".""i_color"" BETWEEN 'azure' AND 'yellow' AND ""store_sales"".""ss_net_paid"" BETWEEN 0.0 AND 19443.0;"
q38.sql,4,3076980,catalog_sales|customer|date_dim|household_demographics|web_returns,5,9aed6217,ok,"SELECT DISTINCT ON(""date_dim"".""d_date_sk"") ""date_dim"".""d_quarter_name"" FROM ""date_dim"" LEFT JOIN ""catalog_sales"" ON ""date_dim"".""d_date_sk"" = ""catalog_sales"".""cs_sold_date_sk"" LEFT JOIN ""household_demographics"" ON ""catalog_sales"".""cs_bill_hdemo_sk"" = ""household_demographics"".""hd_demo_sk"" LEFT JOIN ""customer"" ON ""household_demographics"".""hd_demo_sk"" = ""customer"".""c_current_hdemo_sk"" LEFT JOIN ""web_returns"" ON ""customer"".""c_customer_sk"" = ""web_returns"".""wr_refunded_customer_sk"" WHERE ""customer"".""c_preferred_cust_flag"" BETWEEN 'N' AND 'Y' AND ""date_dim"".""d_month_seq"" BETWEEN 24 AND 2400 AND ""web_returns"".""wr_return_tax"" BETWEEN 0.0 AND 1833.66 AND ""household_demographics"".""hd_dep_count"" BETWEEN 0 AND 9 AND ""catalog_sales"".""cs_net_paid_inc_ship_tax"" BETWEEN 25.14 AND 41670.68;"
q39.sql,8,1951080,catalog_page|catalog_returns|catalog_sales|customer|customer_address|household_demographics|item|web_returns|web_sales,9,a7e6a612,ok,"SELECT DISTINCT ON(""item"".""i_item_sk"") ""item"".""i_product_name"" FROM ""item"" LEFT JOIN ""catalog_returns"" ON ""item"".""i_item_sk"" = ""catalog_returns"".""cr_item_sk"" LEFT JOIN ""web_sales"" ON ""item"".""i_item_sk"" = ""web_sales"".""ws_item_sk"" LEFT JOIN ""customer_address"" ON ""web_sales"".""ws_bill_addr_sk"" = ""customer_address"".""ca_address_sk"" LEFT JOIN ""catalog_page"" ON ""catalog_returns"".""cr_catalog_page_sk"" = ""catalog_page"".""cp_catalog_page_sk"" LEFT JOIN ""catalog_sales"" ON ""catalog_page"".""cp_catalog_page_sk"" = ""catalog_sales"".""cs_catalog_page_sk"" LEFT JOIN ""customer"" ON ""web_sales"".""ws_bill_customer_sk"" = ""customer"".""c_customer_sk"" LEFT JOIN ""household_demographics"" ON ""catalog_sales"".""cs_bill_hdemo_sk"" = ""household_demographics"".""hd_demo_sk"" LEFT JOIN ""web_returns"" ON ""customer"".""c_customer_sk"" = ""web_returns"".""wr_refunded_customer_sk"" WHERE ""customer_address"".""ca_zip"" BETWEEN '04736' AND '99981' AND ""catalog_page"".""cp_catalog_number"" BETWEEN 2 AND 109 AND ""web_returns"".""wr_return_tax"" BETWEEN 0.0 AND 1833.66 AND ""item"".""i_manufact"" BETWEEN 'ableablepri' AND 'pripripri' AND ""catalog_sales"".""cs_net_paid_inc_ship_tax"" BETWEEN 25.14 AND 41670.68 AND ""catalog_returns"".""cr_refunded_addr_sk"" BETWEEN 474 AND 50000 AND ""household_demographics"".""hd_dep_count"" BETWEEN 0 AND 9 AND ""customer"".""c_first_sales_date_sk"" BETWEEN 2449032 AND 2452648 AND ""web_sales"".""ws_ship_hdemo_sk"" BETWEEN 71 AND 7200;"
q40.sql,1,21478275,catalog_returns|customer,2,cb2ef13f,ok,"SELECT DISTINCT ON(""catalog_returns"".""cr_returned_date_sk"") ""catalog_returns"".""cr_returned_time_sk"" FROM ""catalog_returns"" LEFT JOIN ""customer"" ON ""catalog_returns"".""cr_refunded_customer_sk"" = ""customer"".""c_customer_sk"" WHERE ""customer"".""c_birth_year"" BETWEEN 1924 AND 1992 AND ""catalog_returns"".""cr_return_quantity"" BETWEEN 1 AND 100;"
q41.sql,0,450000,item,1,b785a032,ok,"SELECT DISTINCT ON(""item"".""i_item_sk"") ""item"".""i_current_price"" FROM ""item"" WHERE ""item"".""i_rec_start_date"" BETWEEN '1997-10-27T00:00:00' AND '2001-10-27';"
q42.sql,2,39356232,date_dim|inventory|web_returns,3,ebe87d52,ok,"SELECT DISTINCT ON(""date_dim"".""d_date_sk"") ""date_dim"".""d_same_day_lq"" FROM ""date_dim"" LEFT JOIN ""web_returns"" ON ""date_dim"".""d_date_sk"" = ""web_returns"".""wr_returned_date_sk"" LEFT JOIN ""inventory"" ON ""date_dim"".""d_date_sk"" = ""inventory"".""inv_date_sk"" WHERE ""date_dim"".""d_quarter_seq"" BETWEEN 9 AND 801 AND ""inventory"".""inv_quantity_on_hand"" BETWEEN 9 AND 1000 AND ""web_returns"".""wr_returning_hdemo_sk"" BETWEEN 71 AND 7200;"
q43.sql,2,38906712,date_dim|inventory|web_sales,3,70a99016,ok,"SELECT DISTINCT ON(""date_dim"".""d_date_sk"") ""date_dim"".""d_dom"" FROM ""date_dim"" LEFT JOIN ""inventory"" ON ""date_dim"".""d_date_sk"" = ""inventory"".""inv_date_sk"" LEFT JOIN ""web_sales"" ON ""date_dim"".""d_date_sk"" = ""web_sales"".""ws_sold_date_sk"" WHERE ""inventory"".""inv_quantity_on_hand"" BETWEEN 9 AND 1000 AND ""date_dim"".""d_week_seq"" BETWEEN 105 AND 10436 AND ""web_sales"".""ws_list_price"" BETWEEN 3.63 AND 300.0;"
q44.sql,1,8000,call_center,1,41842903,ok,"SELECT DISTINCT ON(""call_center"".""cc_call_center_sk"") ""call_center"".""cc_street_type"" FROM ""call_center"" WHERE ""call_center"".""cc_gmt_offset"" BETWEEN -5.0 AND -5.0;"
q45.sql,4,14332356,customer|customer_demographics|promotion|web_page|web_sales,5,9374ad2b,ok,"SELECT DISTINCT ON(""web_sales"".""ws_sold_date_sk"") ""web_sales"".""ws_ext_discount_amt"" FROM ""web_sales"" LEFT JOIN ""web_page"" ON ""web_sales"".""ws_web_page_sk"" = ""web_page"".""wp_web_page_sk"" LEFT JOIN ""promotion"" ON ""web_sales"".""ws_promo_sk"" = ""promotion"".""p_promo_sk"" LEFT JOIN ""customer"" ON ""web_sales"".""ws_bill_customer_sk"" = ""customer"".""c_customer_sk"" LEFT JOIN ""customer_demographics"" ON ""web_sales"".""ws_bill_cdemo_sk"" = ""customer_demographics"".""cd_demo_sk"" WHERE ""customer_demographics"".""cd_marital_status"" BETWEEN 'D' AND 'W' AND ""web_page"".""wp_autogen_flag"" BETWEEN 'N' AND 'Y' AND ""promotion"".""p_start_date_sk"" BETWEEN 2450116 AND 2450913 AND ""customer"".""c_birth_year"" BETWEEN 1924 AND 1992 AND ""web_sales"".""ws_ship_date_sk"" BETWEEN 2450903 AND 2452762;"
q46.sql,8,2264260,catalog_returns|customer|date_dim|inventory|item|store_returns|store_sales|warehouse|web_sales,9,ff34e4f3,ok,"SELECT DISTINCT ON(""date_dim"".""d_date_sk"") ""date_dim"".""d_date"" FROM ""date_dim"" LEFT JOIN ""web_sales"" ON ""date_dim"".""d_date_sk"" = ""web_sales"".""ws_sold_date_sk"" LEFT JOIN ""inventory"" ON ""date_dim"".""d_date_sk"" = ""inventory"".""inv_date_sk"" LEFT JOIN ""item"" ON ""inventory"".""inv_item_sk"" = ""item"".""i_item_sk"" LEFT JOIN ""catalog_returns"" ON ""date_dim"".""d_date_sk"" = ""catalog_returns"".""cr_returned_date_sk"" LEFT JOIN ""store_returns"" ON ""item"".""i_item_sk"" = ""store_returns"".""sr_item_sk"" LEFT JOIN ""warehouse"" ON ""inventory"".""inv_warehouse_sk"" = ""warehouse"".""w_warehouse_sk"" LEFT JOIN ""store_sales"" ON ""date_dim"".""d_date_sk"" = ""store_sales"".""ss_sold_date_sk"" LEFT JOIN ""customer"" ON ""catalog_returns"".""cr_refunded_customer_sk"" = ""customer"".""c_customer_sk"" WHERE ""customer"".""c_email_address"" BETWEEN 'Albert.Pierce@99v1bsAFZbCLBZEV3.org' AND 'Zulma.Carter@MfvjVN43Udd95KeZ.com' AND ""date_dim"".""d_fy_week_seq"" BETWEEN 105 AND 10436 AND ""web_sales"".""ws_ext_tax"" BETWEEN 0.0 AND 2433.41 AND ""warehouse"".""w_gmt_offset"" BETWEEN -5.0 AND -5.0 AND ""store_sales"".""ss_sales_price"" BETWEEN 0.01 AND 199.56 AND ""item"".""i_rec_end_date"" BETWEEN '1999-10-27T00:00:00' AND '2001-10-26' AND ""catalog_returns"".""cr_return_ship_cost"" BETWEEN 0.0 AND 12448.43 AND ""store_returns"".""sr_cdemo_sk"" BETWEEN 19557 AND 1920800 AND ""inventory"".""inv_quantity_on_hand"" BETWEEN 9 AND 1000;"
q47.sql,3,39356712,inventory|item|store_sales|web_returns,4,b9086fbd,ok,"SELECT DISTINCT ON(""item"".""i_item_sk"") ""item"".""i_item_desc"" FROM ""item"" LEFT JOIN ""inventory"" ON ""item"".""i_item_sk"" = ""inventory"".""inv_item_sk"" LEFT JOIN ""web_returns"" ON ""item"".""i_item_sk"" = ""web_returns"".""wr_item_sk"" LEFT JOIN ""store_sales"" ON ""item"".""i_item_sk"" = ""store_sales"".""ss_item_sk"" WHERE ""inventory"".""inv_quantity_on_hand"" BETWEEN 9 AND 1000 AND ""web_returns"".""wr_returning_addr_sk"" BETWEEN 499 AND 50000 AND ""item"".""i_category"" BETWEEN 'Books' AND 'Women' AND ""store_sales"".""ss_net_paid"" BETWEEN 0.0 AND 19443.0;"
q48.sql,4,51181512,catalog_sales|customer_address|household_demographics|store|store_sales,5,83e61b4b,ok,"SELECT DISTINCT ON(""store_sales"".""ss_sold_date_sk"") ""store_sales"".""ss_ext_discount_amt"" FROM ""store_sales"" LEFT JOIN ""customer_address"" ON ""store_sales"".""ss_addr_sk"" = ""customer_address"".""ca_address_sk"" LEFT JOIN ""catalog_sales"" ON ""customer_address"".""ca_address_sk"" = ""catalog_sales"".""cs_bill_addr_sk"" LEFT JOIN ""store"" ON ""store_sales"".""ss_store_sk"" = ""store"".""s_store_sk"" LEFT JOIN ""household_demographics"" ON ""catalog_sales"".""cs_bill_hdemo_sk"" = ""household_demographics"".""hd_demo_sk"" WHERE ""store"".""s_company_id"" BETWEEN 1 AND 1 AND ""customer_address"".""ca_gmt_offset"" BETWEEN -8.0 AND -5.0 AND ""household_demographics"".""hd_dep_count"" BETWEEN 0 AND 9 AND ""store_sales"".""ss_quantity"" BETWEEN 1 AND 100 AND ""catalog_sales"".""cs_ext_ship_cost"" BETWEEN 0.0 AND 14416.0;"
q49.sql,10,4562096,catalog_sales|customer|customer_address|customer_demographics|inventory|item|store_sales|warehouse|web_page|web_returns|web_sales,11,9ee4590a,ok,"SELECT DISTINCT ON(""web_returns"".""wr_returned_date_sk"") ""web_returns"".""wr_reason_sk"" FROM ""web_returns"" LEFT JOIN ""item"" ON ""web_returns"".""wr_item_sk"" = ""item"".""i_item_sk"" LEFT JOIN ""inventory"" ON ""item"".""i_item_sk"" = ""inventory"".""inv_item_sk"" LEFT JOIN ""warehouse"" ON ""inventory"".""inv_warehouse_sk"" = ""warehouse"".""w_warehouse_sk"" LEFT JOIN ""web_sales"" ON ""item"".""i_item_sk"" = ""web_sales"".""ws_item_sk"" LEFT JOIN ""customer"" ON ""web_returns"".""wr_refunded_customer_sk"" = ""customer"".""c_customer_sk"" LEFT JOIN ""web_page"" ON ""web_sales"".""ws_web_page_sk"" = ""web_page"".""wp_web_page_sk"" LEFT JOIN ""customer_address"" ON ""web_sales"".""ws_bill_addr_sk"" = ""customer_address"".""ca_address_sk"" LEFT JOIN ""customer_demographics"" ON ""web_sales"".""ws_bill_cdemo_sk"" = ""customer_demographics"".""cd_demo_sk"" LEFT JOIN ""store_sales"" ON ""customer_demographics"".""cd_demo_sk"" = ""store_sales"".""ss_cdemo_sk"" LEFT JOIN ""catalog_sales"" ON ""customer"".""c_customer_sk"" = ""catalog_sales"".""cs_bill_customer_sk"" WHERE ""customer_demographics"".""cd_dep_college_count"" BETWEEN 0 AND 6 AND ""inventory"".""inv_quantity_on_hand"" BETWEEN 9 AND 1000 AND ""customer_address"".""ca_county"" BETWEEN 'Aleutians East Borough' AND 'Ziebach County' AND ""web_page"".""wp_image_count"" BETWEEN 1 AND 7 AND ""web_returns"".""wr_returning_hdemo_sk"" BETWEEN 71 AND 7200 AND ""item"".""i_product_name"" BETWEEN 'ableablepripri' AND 'pripripripriought' AND ""catalog_sales"".""cs_ship_mode_sk"" BETWEEN 1 AND 20 AND ""store_sales"".""ss_ticket_number"" BETWEEN 2400 AND 240000 AND ""warehouse"".""w_zip"" BETWEEN '35709' AND '35709' AND ""customer"".""c_birth_year"" BETWEEN 1924 AND 1992 AND ""web_sales"".""ws_ext_wholesale_cost"" BETWEEN 32.22 AND 10000.0;"
q50.sql,4,41494338,catalog_returns|catalog_sales|date_dim|item|store_sales,5,19a7485a,ok,"SELECT DISTINCT ON(""store_sales"".""ss_sold_date_sk"") ""store_sales"".""ss_net_paid_inc_tax"" FROM ""store_sales"" LEFT JOIN ""item"" ON ""store_sales"".""ss_item_sk"" = ""item"".""i_item_sk"" LEFT JOIN ""catalog_returns"" ON ""item"".""i_item_sk"" = ""catalog_returns"".""cr_item_sk"" LEFT JOIN ""date_dim"" ON ""store_sales"".""ss_sold_date_sk"" = ""date_dim"".""d_date_sk"" LEFT JOIN ""catalog_sales"" ON ""date_dim"".""d_date_sk"" = ""catalog_sales"".""cs_sold_date_sk"" WHERE ""date_dim"".""d_current_quarter"" BETWEEN 'N' AND 'Y' AND ""store_sales"".""ss_coupon_amt"" BETWEEN 0.0 AND 17588.25 AND ""item"".""i_item_desc"" BETWEEN 'Accounts would not knock widely other, only funds; historical, fun jobs improve lessons. Soft tears join lines. United systems rea' AND 'Youngsters decide well numbers. Just cold countries eat other, young eyes. Special' AND ""catalog_returns"".""cr_returning_addr_sk"" BETWEEN 479 AND 50000 AND ""catalog_sales"".""cs_call_center_sk"" BETWEEN 1 AND 6;"
q51.sql,2,11540356,date_dim|promotion|web_sales,3,c569ce48,ok,"SELECT DISTINCT ON(""web_sales"".""ws_sold_date_sk"") ""web_sales"".""ws_ship_customer_sk"" FROM ""web_sales"" LEFT JOIN ""date_dim"" ON ""web_sales"".""ws_sold_date_sk"" = ""date_dim"".""d_date_sk"" LEFT JOIN ""promotion"" ON ""web_sales"".""ws_promo_sk"" = ""promotion"".""p_promo_sk"" WHERE ""date_dim"".""d_holiday"" BETWEEN 'N' AND 'Y' AND ""promotion"".""p_promo_id"" BETWEEN 'AAAAAAAAABBAAAAA' AND 'AAAAAAAAPPAAAAAA' AND ""web_sales"".""ws_net_paid_inc_tax"" BETWEEN 0.0 AND 30821.43;"
q52.sql,2,39356232,date_dim|inventory|item,3,6746348a,ok,"SELECT DISTINCT ON(""date_dim"".""d_date_sk"") ""date_dim"".""d_last_dom"" FROM ""date_dim"" LEFT JOIN ""inventory"" ON ""date_dim"".""d_date_sk"" = ""inventory"".""inv_date_sk"" LEFT JOIN ""item"" ON ""inventory"".""inv_item_sk"" = ""item"".""i_item_sk"" WHERE ""date_dim"".""d_first_dom"" BETWEEN 2415751 AND 2488070 AND ""inventory"".""inv_quantity_on_hand"" BETWEEN 9 AND 1000 AND ""item"".""i_class"" BETWEEN 'accessories' AND 'womens watch';"
q53.sql,5,38922712,customer_address|household_demographics|item|store_sales|time_dim|web_sales,6,5886cb5f,ok,"SELECT DISTINCT ON(""store_sales"".""ss_sold_date_sk"") ""store_sales"".""ss_net_profit"" FROM ""store_sales"" LEFT JOIN ""time_dim"" ON ""store_sales"".""ss_sold_time_sk"" = ""time_dim"".""t_time_sk"" LEFT JOIN ""item"" ON ""store_sales"".""ss_item_sk"" = ""item"".""i_item_sk"" LEFT JOIN ""household_demographics"" ON ""store_sales"".""ss_hdemo_sk"" = ""household_demographics"".""hd_demo_sk"" LEFT JOIN ""customer_address"" ON ""store_sales"".""ss_addr_sk"" = ""customer_address"".""ca_address_sk"" LEFT JOIN ""web_sales"" ON ""household_demographics"".""hd_demo_sk"" = ""web_sales"".""ws_bill_hdemo_sk"" WHERE ""customer_address"".""ca_county"" BETWEEN 'Aleutians East Borough' AND 'Ziebach County' AND ""time_dim"".""t_time_id"" BETWEEN 'AAAAAAAAACINAAAA' AND 'AAAAAAAAPPPPAAAA' AND ""item"".""i_formulation"" BETWEEN '011044snow5914895795' AND 'yellow98525476168526' AND ""household_demographics"".""hd_dep_count"" BETWEEN 0 AND 9 AND ""store_sales"".""ss_list_price"" BETWEEN 2.85 AND 200.0 AND ""web_sales"".""ws_ship_customer_sk"" BETWEEN 1040 AND 99999;"
q54.sql,7,3542980,catalog_returns|catalog_sales|customer|date_dim|item|promotion|store_sales|web_returns,8,effdf7a7,ok,"SELECT DISTINCT ON(""item"".""i_item_sk"") ""item"".""i_manufact_id"" FROM ""item"" LEFT JOIN ""store_sales"" ON ""item"".""i_item_sk"" = ""store_sales"".""ss_item_sk"" LEFT JOIN ""date_dim"" ON ""store_sales"".""ss_sold_date_sk"" = ""date_dim"".""d_date_sk"" LEFT JOIN ""web_returns"" ON ""item"".""i_item_sk"" = ""web_returns"".""wr_item_sk"" LEFT JOIN ""promotion"" ON ""store_sales"".""ss_promo_sk"" = ""promotion"".""p_promo_sk"" LEFT JOIN ""catalog_returns"" ON ""item"".""i_item_sk"" = ""catalog_returns"".""cr_item_sk"" LEFT JOIN ""catalog_sales"" ON ""item"".""i_item_sk"" = ""catalog_sales"".""cs_item_sk"" LEFT JOIN ""customer"" ON ""web_returns"".""wr_refunded_customer_sk"" = ""customer"".""c_customer_sk"" WHERE ""customer"".""c_first_sales_date_sk"" BETWEEN 2449032 AND 2452648 AND ""promotion"".""p_promo_id"" BETWEEN 'AAAAAAAAABBAAAAA' AND 'AAAAAAAAPPAAAAAA' AND ""date_dim"".""d_same_day_ly"" BETWEEN 2415387 AND 2487705 AND ""web_returns"".""wr_return_amt"" BETWEEN 0.55 AND 21564.8 AND ""store_sales"".""ss_sales_price"" BETWEEN 0.01 AND 199.56 AND ""item"".""i_size"" BETWEEN 'N/A' AND 'small' AND ""catalog_returns"".""cr_warehouse_sk"" BETWEEN 1 AND 5 AND ""catalog_sales"".""cs_net_paid_inc_tax"" BETWEEN 0.0 AND 30261.56;"
q55.sql,2,39356232,date_dim|inventory|store_sales,3,5e4ab440,ok,"SELECT DISTINCT ON(""date_dim"".""d_date_sk"") ""date_dim"".""d_fy_week_seq"" FROM ""date_dim"" LEFT JOIN ""inventory"" ON ""date_dim"".""d_date_sk"" = ""inventory"".""inv_date_sk"" LEFT JOIN ""store_sales"" ON ""date_dim"".""d_date_sk"" = ""store_sales"".""ss_sold_date_sk"" WHERE ""inventory"".""inv_quantity_on_hand"" BETWEEN 9 AND 1000 AND ""date_dim"".""d_year"" BETWEEN 1902 AND 2100 AND ""store_sales"".""ss_ext_wholesale_cost"" BETWEEN 32.04 AND 10000.0;"
q56.sql,3,40106232,customer_demographics|promotion|store|store_sales,4,2d78154e,ok,"SELECT DISTINCT ON(""store_sales"".""ss_sold_date_sk"") ""store_sales"".""ss_sold_date_sk"" FROM ""store_sales"" LEFT JOIN ""promotion"" ON ""store_sales"".""ss_promo_sk"" = ""promotion"".""p_promo_sk"" LEFT JOIN ""store"" ON ""store_sales"".""ss_store_sk"" = ""store"".""s_store_sk"" LEFT JOIN ""customer_demographics"" ON ""store_sales"".""ss_cdemo_sk"" = ""customer_demographics"".""cd_demo_sk"" WHERE ""customer_demographics"".""cd_dep_employed_count"" BETWEEN 0 AND 6 AND ""store_sales"".""ss_net_paid"" BETWEEN 0.0 AND 19443.0 AND ""store"".""s_zip"" BETWEEN '31904' AND '35709' AND ""promotion"".""p_channel_email"" BETWEEN 'N' AND 'N';"
q57.sql,3,22100652,inventory|item|store_returns|store_sales,4,9b1fd71a,ok,"SELECT DISTINCT ON(""item"".""i_item_sk"") ""item"".""i_item_desc"" FROM ""item"" LEFT JOIN ""inventory"" ON ""item"".""i_item_sk"" = ""inventory"".""inv_item_sk"" LEFT JOIN ""store_sales"" ON ""item"".""i_item_sk"" = ""store_sales"".""ss_item_sk"" LEFT JOIN ""store_returns"" ON ""item"".""i_item_sk"" = ""store_returns"".""sr_item_sk"" WHERE ""inventory"".""inv_quantity_on_hand"" BETWEEN 9 AND 1000 AND ""store_returns"".""sr_reversed_charge"" BETWEEN 0.0 AND 10981.28 AND ""item"".""i_manufact"" BETWEEN 'ableablepri' AND 'pripripri' AND ""store_sales"".""ss_ext_discount_amt"" BETWEEN 0.0 AND 17588.25;"
q58.sql,2,39356232,item|store_sales|time_dim,3,3d8c35fb,ok,"SELECT DISTINCT ON(""store_sales"".""ss_sold_date_sk"") ""store_sales"".""ss_hdemo_sk"" FROM ""store_sales"" LEFT JOIN ""item"" ON ""store_sales"".""ss_item_sk"" = ""item"".""i_item_sk"" LEFT JOIN ""time_dim"" ON ""store_sales"".""ss_sold_time_sk"" = ""time_dim"".""t_time_sk"" WHERE ""store_sales"".""ss_quantity"" BETWEEN 1 AND 100 AND ""item"".""i_formulation"" BETWEEN '011044snow5914895795' AND 'yellow98525476168526' AND ""time_dim"".""t_shift"" BETWEEN 'first' AND 'third';"
q59.sql,1,38906232,customer|store_sales,2,c2a931b7,ok,"SELECT DISTINCT ON(""store_sales"".""ss_sold_date_sk"") ""store_sales"".""ss_ext_list_price"" FROM ""store_sales"" LEFT JOIN ""customer"" ON ""store_sales"".""ss_customer_sk"" = ""customer"".""c_customer_sk"" WHERE ""customer"".""c_birth_day"" BETWEEN 1 AND 31 AND ""store_sales"".""ss_ext_wholesale_cost"" BETWEEN 32.04 AND 10000.0;"
q60.sql,3,40106232,customer_demographics|household_demographics|store_sales|time_dim,4,3d9c5733,ok,"SELECT DISTINCT ON(""store_sales"".""ss_sold_date_sk"") ""store_sales"".""ss_cdemo_sk"" FROM ""store_sales"" LEFT JOIN ""household_demographics"" ON ""store_sales"".""ss_hdemo_sk"" = ""household_demographics"".""hd_demo_sk"" LEFT JOIN ""customer_demographics"" ON ""store_sales"".""ss_cdemo_sk"" = ""customer_demographics"".""cd_demo_sk"" LEFT JOIN ""time_dim"" ON ""store_sales"".""ss_sold_time_sk"" = ""time_dim"".""t_time_sk"" WHERE ""customer_demographics"".""cd_dep_employed_count"" BETWEEN 0 AND 6 AND ""household_demographics"".""hd_vehicle_count"" BETWEEN -1 AND 4 AND ""store_sales"".""ss_ext_wholesale_cost"" BETWEEN 32.04 AND 10000.0 AND ""time_dim"".""t_minute"" BETWEEN 0 AND 59;"
q61.sql,6,4270460,customer|customer_address|household_demographics|promotion|store|store_sales|time_dim,7,79b4d9d6,ok,"SELECT DISTINCT ON(""store"".""s_store_sk"") ""store"".""s_street_name"" FROM ""store"" LEFT JOIN ""store_sales"" ON ""store"".""s_store_sk"" = ""store_sales"".""ss_store_sk"" LEFT JOIN ""customer_address"" ON ""store_sales"".""ss_addr_sk"" = ""customer_address"".""ca_address_sk"" LEFT JOIN ""household_demographics"" ON ""store_sales"".""ss_hdemo_sk"" = ""household_demographics"".""hd_demo_sk"" LEFT JOIN ""promotion"" ON ""store_sales"".""ss_promo_sk"" = ""promotion"".""p_promo_sk"" LEFT JOIN ""time_dim"" ON ""store_sales"".""ss_sold_time_sk"" = ""time_dim"".""t_time_sk"" LEFT JOIN ""customer"" ON ""customer_address"".""ca_address_sk"" = ""customer"".""c_current_addr_sk"" WHERE ""store"".""s_division_name"" BETWEEN 'Unknown' AND 'Unknown' AND ""customer_address"".""ca_country"" BETWEEN 'United States' AND 'United States' AND ""time_dim"".""t_hour"" BETWEEN 0 AND 23 AND ""promotion"".""p_cost"" BETWEEN 1000.0 AND 1000.0 AND ""household_demographics"".""hd_vehicle_count"" BETWEEN -1 AND 4 AND ""store_sales"".""ss_sales_price"" BETWEEN 0.01 AND 199.56 AND ""customer"".""c_salutation"" BETWEEN 'Dr.' AND 'Sir';"
q62.sql,7,11533416,catalog_sales|customer_demographics|household_demographics|income_band|item|store_returns|web_page|web_sales,8,868fa237,ok,"SELECT DISTINCT ON(""web_sales"".""ws_sold_date_sk"") ""web_sales"".""ws_ship_hdemo_sk"" FROM ""web_sales"" LEFT JOIN ""household_demographics"" ON ""web_sales"".""ws_bill_hdemo_sk"" = ""household_demographics"".""hd_demo_sk"" LEFT JOIN ""item"" ON ""web_sales"".""ws_item_sk"" = ""item"".""i_item_sk"" LEFT JOIN ""income_band"" ON ""household_demographics"".""hd_income_band_sk"" = ""income_band"".""ib_income_band_sk"" LEFT JOIN ""web_page"" ON ""web_sales"".""ws_web_page_sk"" = ""web_page"".""wp_web_page_sk"" LEFT JOIN ""store_returns"" ON ""item"".""i_item_sk"" = ""store_returns"".""sr_item_sk"" LEFT JOIN ""customer_demographics"" ON ""web_sales"".""ws_bill_cdemo_sk"" = ""customer_demographics"".""cd_demo_sk"" LEFT JOIN ""catalog_sales"" ON ""item"".""i_item_sk"" = ""catalog_sales"".""cs_item_sk"" WHERE ""customer_demographics"".""cd_dep_college_count"" BETWEEN 0 AND 6 AND ""web_sales"".""ws_ext_discount_amt"" BETWEEN 0.1 AND 29317.0 AND ""household_demographics"".""hd_dep_count"" BETWEEN 0 AND 9 AND ""item"".""i_product_name"" BETWEEN 'ableablepripri' AND 'pripripripriought' AND ""catalog_sales"".""cs_net_paid_inc_tax"" BETWEEN 0.0 AND 30261.56 AND ""store_returns"".""sr_net_loss"" BETWEEN 19.24 AND 9218.97 AND ""income_band"".""ib_upper_bound"" BETWEEN 11900 AND 200000 AND ""web_page"".""wp_link_count"" BETWEEN 2 AND 25;"
q63.sql,5,38922712,date_dim|item|store_sales|time_dim|web_sales|web_site,6,fbf57dd1,ok,"SELECT DISTINCT ON(""store_sales"".""ss_sold_date_sk"") ""store_sales"".""ss_cdemo_sk"" FROM ""store_sales"" LEFT JOIN ""time_dim"" ON ""store_sales"".""ss_sold_time_sk"" = ""time_dim"".""t_time_sk"" LEFT JOIN ""item"" ON ""store_sales"".""ss_item_sk"" = ""item"".""i_item_sk"" LEFT JOIN ""web_sales"" ON ""item"".""i_item_sk"" = ""web_sales"".""ws_item_sk"" LEFT JOIN ""web_site"" ON ""web_sales"".""ws_web_site_sk"" = ""web_site"".""web_site_sk"" LEFT JOIN ""date_dim"" ON ""web_sales"".""ws_sold_date_sk"" = ""date_dim"".""d_date_sk"" WHERE ""time_dim"".""t_meal_time"" BETWEEN '' AND 'lunch' AND ""item"".""i_item_id"" BETWEEN 'AAAAAAAAABHAAAAA' AND 'AAAAAAAAPPPBAAAA' AND ""store_sales"".""ss_ticket_number"" BETWEEN 2400 AND 240000 AND ""date_dim"".""d_date_id"" BETWEEN 'AAAAAAAAACIOFCAA' AND 'AAAAAAAAPPPPECAA' AND ""web_sales"".""ws_net_paid"" BETWEEN 0.0 AND 28538.37 AND ""web_site"".""web_rec_start_date"" BETWEEN '1997-08-16T00:00:00' AND '2001-08-16';"
q64.sql,1,21478275,catalog_page|catalog_sales,2,2b9e1a2e,ok,"SELECT DISTINCT ON(""catalog_sales"".""cs_sold_date_sk"") ""catalog_sales"".""cs_sales_price"" FROM ""catalog_sales"" LEFT JOIN ""catalog_page"" ON ""catalog_sales"".""cs_catalog_page_sk"" = ""catalog_page"".""cp_catalog_page_sk"" WHERE ""catalog_sales"".""cs_call_center_sk"" BETWEEN 1 AND 6 AND ""catalog_page"".""cp_department"" BETWEEN 'DEPARTMENT' AND 'DEPARTMENT';"
q65.sql,6,1935460,catalog_returns|date_dim|inventory|promotion|store|store_sales|warehouse,7,11c44ab7,ok,"SELECT DISTINCT ON(""store"".""s_store_sk"") ""store"".""s_floor_space"" FROM ""store"" LEFT JOIN ""store_sales"" ON ""store"".""s_store_sk"" = ""store_sales"".""ss_store_sk"" LEFT JOIN ""date_dim"" ON ""store_sales"".""ss_sold_date_sk"" = ""date_dim"".""d_date_sk"" LEFT JOIN ""promotion"" ON ""store_sales"".""ss_promo_sk"" = ""promotion"".""p_promo_sk"" LEFT JOIN ""inventory"" ON ""date_dim"".""d_date_sk"" = ""inventory"".""inv_date_sk"" LEFT JOIN ""warehouse"" ON ""inventory"".""inv_warehouse_sk"" = ""warehouse"".""w_warehouse_sk"" LEFT JOIN ""catalog_returns"" ON ""date_dim"".""d_date_sk"" = ""catalog_returns"".""cr_returned_date_sk"" WHERE ""inventory"".""inv_quantity_on_hand"" BETWEEN 9 AND 1000 AND ""store"".""s_tax_percentage"" BETWEEN 0.01 AND 0.11 AND ""promotion"".""p_promo_name"" BETWEEN 'able' AND 'pri' AND ""catalog_returns"".""cr_reversed_charge"" BETWEEN 0.0 AND 16943.08 AND ""store_sales"".""ss_ext_list_price"" BETWEEN 46.0 AND 19984.0 AND ""warehouse"".""w_city"" BETWEEN 'Fairview' AND 'Fairview' AND ""date_dim"".""d_quarter_seq"" BETWEEN 9 AND 801;"
q66.sql,36,2043640,catalog_page|catalog_returns|catalog_sales|customer|customer_address|customer_demographics|date_dim|household_demographics|income_band|inventory|item|promotion|store|store_returns|store_sales|time_dim|warehouse|web_page|web_returns|web_sales|web_site,21,90ed5fa3,ok,"SELECT DISTINCT ON(""warehouse"".""w_warehouse_sk"") ""warehouse"".""w_warehouse_sq_ft"" FROM ""warehouse"" LEFT JOIN ""inventory"" ON ""warehouse"".""w_warehouse_sk"" = ""inventory"".""inv_warehouse_sk"" LEFT JOIN ""item"" ON ""inventory"".""inv_item_sk"" = ""item"".""i_item_sk"" LEFT JOIN ""catalog_returns"" ON ""item"".""i_item_sk"" = ""catalog_returns"".""cr_item_sk"" LEFT JOIN ""store_returns"" ON ""item"".""i_item_sk"" = ""store_returns"".""sr_item_sk"" LEFT JOIN ""date_dim"" ON ""store_returns"".""sr_returned_date_sk"" = ""date_dim"".""d_date_sk"" LEFT JOIN ""catalog_sales"" ON ""date_dim"".""d_date_sk"" = ""catalog_sales"".""cs_sold_date_sk"" LEFT JOIN ""customer"" ON ""catalog_sales"".""cs_bill_customer_sk"" = ""customer"".""c_customer_sk"" LEFT JOIN ""store"" ON ""store_returns"".""sr_store_sk"" = ""store"".""s_store_sk"" LEFT JOIN ""store_sales"" ON ""date_dim"".""d_date_sk"" = ""store_sales"".""ss_sold_date_sk"" LEFT JOIN ""household_demographics"" ON ""catalog_sales"".""cs_bill_hdemo_sk"" = ""household_demographics"".""hd_demo_sk"" LEFT JOIN ""customer_address"" ON ""customer"".""c_current_addr_sk"" = ""customer_address"".""ca_address_sk"" LEFT JOIN ""customer_demographics"" ON ""store_sales"".""ss_cdemo_sk"" = ""customer_demographics"".""cd_demo_sk"" LEFT JOIN ""catalog_page"" ON ""catalog_sales"".""cs_catalog_page_sk"" = ""catalog_page"".""cp_catalog_page_sk"" LEFT JOIN ""web_sales"" ON ""customer_address"".""ca_address_sk"" = ""web_sales"".""ws_bill_addr_sk"" LEFT JOIN ""promotion"" ON ""catalog_sales"".""cs_promo_sk"" = ""promotion"".""p_promo_sk"" LEFT JOIN ""web_page"" ON ""web_sales"".""ws_web_page_sk"" = ""web_page"".""wp_web_page_sk"" LEFT JOIN ""web_returns"" ON ""web_page"".""wp_web_page_sk"" = ""web_returns"".""wr_web_page_sk"" LEFT JOIN ""time_dim"" ON ""store_sales"".""ss_sold_time_sk"" = ""time_dim"".""t_time_sk"" LEFT JOIN ""web_site"" ON ""web_sales"".""ws_web_site_sk"" = ""web_site"".""web_site_sk"" LEFT JOIN ""income_band"" ON ""household_demographics"".""hd_income_band_sk"" = ""income_band"".""ib_income_band_sk"" WHERE ""web_returns"".""wr_return_amt"" BETWEEN 0.55 AND 21564.8 AND ""warehouse"".""w_street_name"" BETWEEN '6th' AND 'Wilson Elm' AND ""time_dim"".""t_second"" BETWEEN 0 AND 59 AND ""catalog_sales"".""cs_call_center_sk"" BETWEEN 1 AND 6 AND ""catalog_page"".""cp_catalog_page_number"" BETWEEN 2 AND 108 AND ""customer_demographics"".""cd_dep_college_count"" BETWEEN 0 AND 6 AND ""date_dim"".""d_fy_year"" BETWEEN 1902 AND 2100 AND ""customer_address"".""ca_street_number"" BETWEEN '107' AND '999' AND ""household_demographics"".""hd_buy_potential"" BETWEEN '0-500' AND 'Unknown' AND ""promotion"".""p_discount_active"" BETWEEN 'N' AND 'N' AND ""item"".""i_container"" BETWEEN 'Unknown' AND 'Unknown' AND ""catalog_returns"".""cr_net_loss"" BETWEEN 21.49 AND 12998.06 AND ""inventory"".""inv_quantity_on_hand"" BETWEEN 9 AND 1000 AND ""web_page"".""wp_image_count"" BETWEEN 1 AND 7 AND ""customer"".""c_birth_day"" BETWEEN 1 AND 31 AND ""store"".""s_street_name"" BETWEEN '12th' AND 'Sycamore' AND ""web_sales"".""ws_list_price"" BETWEEN 3.63 AND 300.0 AND ""store_sales"".""ss_net_paid_inc_tax"" BETWEEN 0.0 AND 20669.67 AND ""store_returns"".""sr_reason_sk"" BETWEEN 1 AND 35 AND ""income_band"".""ib_upper_bound"" BETWEEN 11900 AND 200000 AND ""web_site"".""web_street_number"" BETWEEN '184' AND '973';"
q67.sql,9,72000,call_center,1,6b93f45c,ok,"SELECT DISTINCT ON(""call_center"".""cc_call_center_sk"") ""call_center"".""cc_suite_number"" FROM ""call_center"" WHERE ""call_center"".""cc_street_type"" BETWEEN 'Boulevard' AND 'Wy';"
q68.sql,9,2264260,catalog_sales|customer|customer_address|customer_demographics|date_dim|household_demographics|store|store_sales|web_returns|web_sales,10,75fd5e5d,ok,"SELECT DISTINCT ON(""date_dim"".""d_date_sk"") ""date_dim"".""d_date"" FROM ""date_dim"" LEFT JOIN ""web_sales"" ON ""date_dim"".""d_date_sk"" = ""web_sales"".""ws_sold_date_sk"" LEFT JOIN ""customer_demographics"" ON ""web_sales"".""ws_bill_cdemo_sk"" = ""customer_demographics"".""cd_demo_sk"" LEFT JOIN ""customer"" ON ""web_sales"".""ws_bill_customer_sk"" = ""customer"".""c_customer_sk"" LEFT JOIN ""store_sales"" ON ""customer"".""c_customer_sk"" = ""store_sales"".""ss_customer_sk"" LEFT JOIN ""customer_address"" ON ""web_sales"".""ws_bill_addr_sk"" = ""customer_address"".""ca_address_sk"" LEFT JOIN ""catalog_sales"" ON ""customer_address"".""ca_address_sk"" = ""catalog_sales"".""cs_bill_addr_sk"" LEFT JOIN ""household_demographics"" ON ""web_sales"".""ws_bill_hdemo_sk"" = ""household_demographics"".""hd_demo_sk"" LEFT JOIN ""store"" ON ""store_sales"".""ss_store_sk"" = ""store"".""s_store_sk"" LEFT JOIN ""web_returns"" ON ""date_dim"".""d_date_sk"" = ""web_returns"".""wr_returned_date_sk"" WHERE ""customer"".""c_first_sales_date_sk"" BETWEEN 2449032 AND 2452648 AND ""customer_demographics"".""cd_dep_college_count"" BETWEEN 0 AND 6 AND ""store"".""s_store_id"" BETWEEN 'AAAAAAAABAAAAAAA' AND 'AAAAAAAAKAAAAAAA' AND ""date_dim"".""d_current_day"" BETWEEN 'N' AND 'N' AND ""web_sales"".""ws_ship_addr_sk"" BETWEEN 504 AND 50000 AND ""customer_address"".""ca_gmt_offset"" BETWEEN -8.0 AND -5.0 AND ""web_returns"".""wr_refunded_cash"" BETWEEN 0.0 AND 17806.09 AND ""household_demographics"".""hd_dep_count"" BETWEEN 0 AND 9 AND ""store_sales"".""ss_coupon_amt"" BETWEEN 0.0 AND 17588.25 AND ""catalog_sales"".""cs_quantity"" BETWEEN 2 AND 100;"
q69.sql,2,13874800,customer|customer_demographics|store_returns,3,611f6197,ok,"SELECT DISTINCT ON(""customer"".""c_customer_sk"") ""customer"".""c_login"" FROM ""customer"" LEFT JOIN ""store_returns"" ON ""customer"".""c_customer_sk"" = ""store_returns"".""sr_customer_sk"" LEFT JOIN ""customer_demographics"" ON ""customer"".""c_current_cdemo_sk"" = ""customer_demographics"".""cd_demo_sk"" WHERE ""customer_demographics"".""cd_purchase_estimate"" BETWEEN 500 AND 10000 AND ""store_returns"".""sr_cdemo_sk"" BETWEEN 19557 AND 1920800 AND ""customer"".""c_birth_year"" BETWEEN 1924 AND 1992;"
q70.sql,2,38906712,customer_address|household_demographics|store_sales,3,33226da7,ok,"SELECT DISTINCT ON(""store_sales"".""ss_sold_date_sk"") ""store_sales"".""ss_sold_time_sk"" FROM ""store_sales"" LEFT JOIN ""customer_address"" ON ""store_sales"".""ss_addr_sk"" = ""customer_address"".""ca_address_sk"" LEFT JOIN ""household_demographics"" ON ""store_sales"".""ss_hdemo_sk"" = ""household_demographics"".""hd_demo_sk"" WHERE ""household_demographics"".""hd_vehicle_count"" BETWEEN -1 AND 4 AND ""store_sales"".""ss_coupon_amt"" BETWEEN 0.0 AND 17588.25 AND ""customer_address"".""ca_address_id"" BETWEEN 'AAAAAAAAACIIAAAA' AND 'AAAAAAAAPPPLAAAA';"
q71.sql,5,1934980,catalog_sales|customer_demographics|household_demographics|item|web_returns|web_sales,6,e0b604e3,ok,"SELECT DISTINCT ON(""item"".""i_item_sk"") ""item"".""i_wholesale_cost"" FROM ""item"" LEFT JOIN ""catalog_sales"" ON ""item"".""i_item_sk"" = ""catalog_sales"".""cs_item_sk"" LEFT JOIN ""customer_demographics"" ON ""catalog_sales"".""cs_bill_cdemo_sk"" = ""customer_demographics"".""cd_demo_sk"" LEFT JOIN ""household_demographics"" ON ""catalog_sales"".""cs_bill_hdemo_sk"" = ""household_demographics"".""hd_demo_sk"" LEFT JOIN ""web_returns"" ON ""item"".""i_item_sk"" = ""web_returns"".""wr_item_sk"" LEFT JOIN ""web_sales"" ON ""customer_demographics"".""cd_demo_sk"" = ""web_sales"".""ws_bill_cdemo_sk"" WHERE ""customer_demographics"".""cd_dep_count"" BETWEEN 0 AND 6 AND ""web_returns"".""wr_refunded_addr_sk"" BETWEEN 505 AND 50000 AND ""item"".""i_size"" BETWEEN 'N/A' AND 'small' AND ""catalog_sales"".""cs_ext_tax"" BETWEEN 0.0 AND 2416.94 AND ""household_demographics"".""hd_buy_potential"" BETWEEN '0-500' AND 'Unknown' AND ""web_sales"".""ws_order_number"" BETWEEN 599 AND 60000;"
q72.sql,10,70186955,catalog_returns|catalog_sales|customer|date_dim|inventory|item|store_returns|store_sales|web_page|web_returns|web_sales,11,0233f212,ok,"SELECT DISTINCT ON(""inventory"".""inv_date_sk"") ""inventory"".""inv_item_sk"" FROM ""inventory"" LEFT JOIN ""date_dim"" ON ""inventory"".""inv_date_sk"" = ""date_dim"".""d_date_sk"" LEFT JOIN ""web_returns"" ON ""date_dim"".""d_date_sk"" = ""web_returns"".""wr_returned_date_sk"" LEFT JOIN ""web_page"" ON ""web_returns"".""wr_web_page_sk"" = ""web_page"".""wp_web_page_sk"" LEFT JOIN ""web_sales"" ON ""web_page"".""wp_web_page_sk"" = ""web_sales"".""ws_web_page_sk"" LEFT JOIN ""customer"" ON ""web_returns"".""wr_refunded_customer_sk"" = ""customer"".""c_customer_sk"" LEFT JOIN ""item"" ON ""web_returns"".""wr_item_sk"" = ""item"".""i_item_sk"" LEFT JOIN ""store_sales"" ON ""date_dim"".""d_date_sk"" = ""store_sales"".""ss_sold_date_sk"" LEFT JOIN ""catalog_returns"" ON ""date_dim"".""d_date_sk"" = ""catalog_returns"".""cr_returned_date_sk"" LEFT JOIN ""store_returns"" ON ""date_dim"".""d_date_sk"" = ""store_returns"".""sr_returned_date_sk"" LEFT JOIN ""catalog_sales"" ON ""date_dim"".""d_date_sk"" = ""catalog_sales"".""cs_sold_date_sk"" WHERE ""customer"".""c_birth_country"" BETWEEN 'ALBANIA' AND 'ZIMBABWE' AND ""date_dim"".""d_first_dom"" BETWEEN 2415751 AND 2488070 AND ""web_sales"".""ws_wholesale_cost"" BETWEEN 2.0 AND 100.0 AND ""web_returns"".""wr_returning_cdemo_sk"" BETWEEN 19221 AND 1920785 AND ""store_sales"".""ss_net_paid_inc_tax"" BETWEEN 0.0 AND 20669.67 AND ""item"".""i_category_id"" BETWEEN 1 AND 10 AND ""catalog_returns"".""cr_return_amount"" BETWEEN 0.3 AND 24214.19 AND ""catalog_sales"".""cs_net_profit"" BETWEEN -6308.21 AND 18950.0 AND ""store_returns"".""sr_reversed_charge"" BETWEEN 0.0 AND 10981.28 AND ""inventory"".""inv_quantity_on_hand"" BETWEEN 9 AND 1000 AND ""web_page"".""wp_char_count"" BETWEEN 701 AND 7046;"
q73.sql,5,1506260,date_dim|inventory|promotion|store|store_sales|web_returns,6,9595693a,ok,"SELECT DISTINCT ON(""date_dim"".""d_date_sk"") ""date_dim"".""d_year"" FROM ""date_dim"" LEFT JOIN ""web_returns"" ON ""date_dim"".""d_date_sk"" = ""web_returns"".""wr_returned_date_sk"" LEFT JOIN ""inventory"" ON ""date_dim"".""d_date_sk"" = ""inventory"".""inv_date_sk"" LEFT JOIN ""store_sales"" ON ""date_dim"".""d_date_sk"" = ""store_sales"".""ss_sold_date_sk"" LEFT JOIN ""store"" ON ""store_sales"".""ss_store_sk"" = ""store"".""s_store_sk"" LEFT JOIN ""promotion"" ON ""store_sales"".""ss_promo_sk"" = ""promotion"".""p_promo_sk"" WHERE ""inventory"".""inv_quantity_on_hand"" BETWEEN 9 AND 1000 AND ""store"".""s_county"" BETWEEN 'Williamson County' AND 'Williamson County' AND ""web_returns"".""wr_return_tax"" BETWEEN 0.0 AND 1833.66 AND ""promotion"".""p_channel_demo"" BETWEEN 'N' AND 'N' AND ""store_sales"".""ss_coupon_amt"" BETWEEN 0.0 AND 17588.25 AND ""date_dim"".""d_current_day"" BETWEEN 'N' AND 'N';"
q74.sql,2,40506232,catalog_returns|customer|date_dim,3,707d0e96,ok,"SELECT DISTINCT ON(""customer"".""c_customer_sk"") ""customer"".""c_login"" FROM ""customer"" LEFT JOIN ""catalog_returns"" ON ""customer"".""c_customer_sk"" = ""catalog_returns"".""cr_refunded_customer_sk"" LEFT JOIN ""date_dim"" ON ""catalog_returns"".""cr_returned_date_sk"" = ""date_dim"".""d_date_sk"" WHERE ""date_dim"".""d_current_year"" BETWEEN 'N' AND 'Y' AND ""customer"".""c_birth_country"" BETWEEN 'ALBANIA' AND 'ZIMBABWE' AND ""catalog_returns"".""cr_return_amount"" BETWEEN 0.3 AND 24214.19;"
q75.sql,17,6489076,catalog_page|catalog_returns|catalog_sales|customer|customer_address|customer_demographics|date_dim|household_demographics|inventory|item|promotion|store|store_returns|store_sales|web_page|web_returns|web_sales|web_site,18,3df84fb3,ok,"SELECT DISTINCT ON(""item"".""i_item_sk"") ""item"".""i_wholesale_cost"" FROM ""item"" LEFT JOIN ""web_returns"" ON ""item"".""i_item_sk"" = ""web_returns"".""wr_item_sk"" LEFT JOIN ""date_dim"" ON ""web_returns"".""wr_returned_date_sk"" = ""date_dim"".""d_date_sk"" LEFT JOIN ""store_returns"" ON ""date_dim"".""d_date_sk"" = ""store_returns"".""sr_returned_date_sk"" LEFT JOIN ""inventory"" ON ""date_dim"".""d_date_sk"" = ""inventory"".""inv_date_sk"" LEFT JOIN ""catalog_sales"" ON ""date_dim"".""d_date_sk"" = ""catalog_sales"".""cs_sold_date_sk"" LEFT JOIN ""household_demographics"" ON ""catalog_sales"".""cs_bill_hdemo_sk"" = ""household_demographics"".""hd_demo_sk"" LEFT JOIN ""web_sales"" ON ""item"".""i_item_sk"" = ""web_sales"".""ws_item_sk"" LEFT JOIN ""catalog_page"" ON ""catalog_sales"".""cs_catalog_page_sk"" = ""catalog_page"".""cp_catalog_page_sk"" LEFT JOIN ""customer"" ON ""store_returns"".""sr_customer_sk"" = ""customer"".""c_customer_sk"" LEFT JOIN ""store_sales"" ON ""customer"".""c_customer_sk"" = ""store_sales"".""ss_customer_sk"" LEFT JOIN ""promotion"" ON ""web_sales"".""ws_promo_sk"" = ""promotion"".""p_promo_sk"" LEFT JOIN ""customer_address"" ON ""web_sales"".""ws_bill_addr_sk"" = ""customer_address"".""ca_address_sk"" LEFT JOIN ""catalog_returns"" ON ""item"".""i_item_sk"" = ""catalog_returns"".""cr_item_sk"" LEFT JOIN ""web_page"" ON ""web_sales"".""ws_web_page_sk"" = ""web_page"".""wp_web_page_sk"" LEFT JOIN ""store"" ON ""store_returns"".""sr_store_sk"" = ""store"".""s_store_sk"" LEFT JOIN ""customer_demographics"" ON ""customer"".""c_current_cdemo_sk"" = ""customer_demographics"".""cd_demo_sk"" LEFT JOIN ""web_site"" ON ""web_sales"".""ws_web_site_sk"" = ""web_site"".""web_site_sk"" WHERE ""customer_demographics"".""cd_dep_employed_count"" BETWEEN 0 AND 6 AND ""inventory"".""inv_quantity_on_hand"" BETWEEN 9 AND 1000 AND ""store_returns"".""sr_return_tax"" BETWEEN 0.0 AND 1442.07 AND ""customer_address"".""ca_state"" BETWEEN 'AL' AND 'WY' AND ""store"".""s_state"" BETWEEN 'TN' AND 'TN' AND ""web_sales"".""ws_ext_sales_price"" BETWEEN 0.36 AND 28592.19 AND ""catalog_page"".""cp_end_date_sk"" BETWEEN 2450874 AND 2453186 AND ""web_page"".""wp_rec_start_date"" BETWEEN '1997-09-03T00:00:00' AND '2001-09-03' AND ""web_returns"".""wr_refunded_addr_sk"" BETWEEN 505 AND 50000 AND ""promotion"".""p_channel_email"" BETWEEN 'N' AND 'N' AND ""item"".""i_container"" BETWEEN 'Unknown' AND 'Unknown' AND ""catalog_sales"".""cs_coupon_amt"" BETWEEN 0.0 AND 26641.48 AND ""catalog_returns"".""cr_returning_cdemo_sk"" BETWEEN 20102 AND 1920793 AND ""household_demographics"".""hd_dep_count"" BETWEEN 0 AND 9 AND ""store_sales"".""ss_net_paid_inc_tax"" BETWEEN 0.0 AND 20669.67 AND ""customer"".""c_birth_day"" BETWEEN 1 AND 31 AND ""date_dim"".""d_moy"" BETWEEN 1 AND 12 AND ""web_site"".""web_market_manager"" BETWEEN 'Albert Leung' AND 'William Reyes';"
q76.sql,7,1942980,catalog_returns|date_dim|inventory|item|store_returns|web_returns|web_sales|web_site,8,634303c4,ok,"SELECT DISTINCT ON(""item"".""i_item_sk"") ""item"".""i_item_sk"" FROM ""item"" LEFT JOIN ""web_sales"" ON ""item"".""i_item_sk"" = ""web_sales"".""ws_item_sk"" LEFT JOIN ""web_site"" ON ""web_sales"".""ws_web_site_sk"" = ""web_site"".""web_site_sk"" LEFT JOIN ""inventory"" ON ""item"".""i_item_sk"" = ""inventory"".""inv_item_sk"" LEFT JOIN ""store_returns"" ON ""item"".""i_item_sk"" = ""store_returns"".""sr_item_sk"" LEFT JOIN ""date_dim"" ON ""inventory"".""inv_date_sk"" = ""date_dim"".""d_date_sk"" LEFT JOIN ""catalog_returns"" ON ""date_dim"".""d_date_sk"" = ""catalog_returns"".""cr_returned_date_sk"" LEFT JOIN ""web_returns"" ON ""date_dim"".""d_date_sk"" = ""web_returns"".""wr_returned_date_sk"" WHERE ""date_dim"".""d_first_dom"" BETWEEN 2415751 AND 2488070 AND ""web_sales"".""ws_ext_wholesale_cost"" BETWEEN 32.22 AND 10000.0 AND ""web_returns"".""wr_refunded_hdemo_sk"" BETWEEN 71 AND 7200 AND ""item"".""i_manufact"" BETWEEN 'ableablepri' AND 'pripripri' AND ""catalog_returns"".""cr_returning_customer_sk"" BETWEEN 1038 AND 99998 AND ""store_returns"".""sr_return_amt"" BETWEEN 0.02 AND 17202.21 AND ""inventory"".""inv_quantity_on_hand"" BETWEEN 9 AND 1000 AND ""web_site"".""web_mkt_class"" BETWEEN 'Components take even levels. Also' AND 'Years arrest quite different contexts; ani';"
q77.sql,4,38922712,household_demographics|item|store|store_sales|web_sales,5,098ae653,ok,"SELECT DISTINCT ON(""store_sales"".""ss_sold_date_sk"") ""store_sales"".""ss_sold_time_sk"" FROM ""store_sales"" LEFT JOIN ""household_demographics"" ON ""store_sales"".""ss_hdemo_sk"" = ""household_demographics"".""hd_demo_sk"" LEFT JOIN ""item"" ON ""store_sales"".""ss_item_sk"" = ""item"".""i_item_sk"" LEFT JOIN ""store"" ON ""store_sales"".""ss_store_sk"" = ""store"".""s_store_sk"" LEFT JOIN ""web_sales"" ON ""item"".""i_item_sk"" = ""web_sales"".""ws_item_sk"" WHERE ""store"".""s_rec_end_date"" BETWEEN '1999-03-13T00:00:00' AND '2001-03-12' AND ""item"".""i_rec_start_date"" BETWEEN '1997-10-27T00:00:00' AND '2001-10-27' AND ""household_demographics"".""hd_buy_potential"" BETWEEN '0-500' AND 'Unknown' AND ""store_sales"".""ss_list_price"" BETWEEN 2.85 AND 200.0 AND ""web_sales"".""ws_ext_list_price"" BETWEEN 57.78 AND 29471.31;"
q78.sql,8,16078452,catalog_returns|customer|customer_address|household_demographics|item|store_returns|store_sales|web_returns|web_sales,9,780b0a5c,ok,"SELECT DISTINCT ON(""web_returns"".""wr_returned_date_sk"") ""web_returns"".""wr_net_loss"" FROM ""web_returns"" LEFT JOIN ""customer"" ON ""web_returns"".""wr_refunded_customer_sk"" = ""customer"".""c_customer_sk"" LEFT JOIN ""customer_address"" ON ""customer"".""c_current_addr_sk"" = ""customer_address"".""ca_address_sk"" LEFT JOIN ""store_returns"" ON ""customer"".""c_customer_sk"" = ""store_returns"".""sr_customer_sk"" LEFT JOIN ""item"" ON ""store_returns"".""sr_item_sk"" = ""item"".""i_item_sk"" LEFT JOIN ""web_sales"" ON ""item"".""i_item_sk"" = ""web_sales"".""ws_item_sk"" LEFT JOIN ""catalog_returns"" ON ""item"".""i_item_sk"" = ""catalog_returns"".""cr_item_sk"" LEFT JOIN ""store_sales"" ON ""item"".""i_item_sk"" = ""store_sales"".""ss_item_sk"" LEFT JOIN ""household_demographics"" ON ""store_sales"".""ss_hdemo_sk"" = ""household_demographics"".""hd_demo_sk"" WHERE ""customer"".""c_first_name"" BETWEEN 'Albert' AND 'Zulma' AND ""customer_address"".""ca_street_name"" BETWEEN '10th River' AND 'Woodland Woodland' AND ""web_returns"".""wr_returning_hdemo_sk"" BETWEEN 71 AND 7200 AND ""web_sales"".""ws_ship_addr_sk"" BETWEEN 504 AND 50000 AND ""household_demographics"".""hd_dep_count"" BETWEEN 0 AND 9 AND ""store_sales"".""ss_ext_discount_amt"" BETWEEN 0.0 AND 17588.25 AND ""item"".""i_item_desc"" BETWEEN 'Accounts would not knock widely other, only funds; historical, fun jobs improve lessons. Soft tears join lines. United systems rea' AND 'Youngsters decide well numbers. Just cold countries eat other, young eyes. Special' AND ""catalog_returns"".""cr_refunded_cash"" BETWEEN 0.0 AND 20097.77 AND ""store_returns"".""sr_refunded_cash"" BETWEEN 0.0 AND 15603.05;"
q79.sql,7,1506260,catalog_sales|customer_address|date_dim|inventory|item|store|store_sales|web_sales,8,2b97005c,ok,"SELECT DISTINCT ON(""store"".""s_store_sk"") ""store"".""s_street_name"" FROM ""store"" LEFT JOIN ""store_sales"" ON ""store"".""s_store_sk"" = ""store_sales"".""ss_store_sk"" LEFT JOIN ""customer_address"" ON ""store_sales"".""ss_addr_sk"" = ""customer_address"".""ca_address_sk"" LEFT JOIN ""date_dim"" ON ""store_sales"".""ss_sold_date_sk"" = ""date_dim"".""d_date_sk"" LEFT JOIN ""item"" ON ""store_sales"".""ss_item_sk"" = ""item"".""i_item_sk"" LEFT JOIN ""inventory"" ON ""item"".""i_item_sk"" = ""inventory"".""inv_item_sk"" LEFT JOIN ""web_sales"" ON ""item"".""i_item_sk"" = ""web_sales"".""ws_item_sk"" LEFT JOIN ""catalog_sales"" ON ""item"".""i_item_sk"" = ""catalog_sales"".""cs_item_sk"" WHERE ""store"".""s_state"" BETWEEN 'TN' AND 'TN' AND ""inventory"".""inv_quantity_on_hand"" BETWEEN 9 AND 1000 AND ""customer_address"".""ca_address_id"" BETWEEN 'AAAAAAAAACIIAAAA' AND 'AAAAAAAAPPPLAAAA' AND ""web_sales"".""ws_ship_date_sk"" BETWEEN 2450903 AND 2452762 AND ""item"".""i_class_id"" BETWEEN 1 AND 16 AND ""catalog_sales"".""cs_wholesale_cost"" BETWEEN 1.98 AND 100.0 AND ""store_sales"".""ss_quantity"" BETWEEN 1 AND 100 AND ""date_dim"".""d_quarter_name"" BETWEEN '1902Q1' AND '2100Q1';"
q80.sql,3,41975348,customer|customer_address|store_returns|web_returns,4,4a6516da,ok,"SELECT DISTINCT ON(""store_returns"".""sr_returned_date_sk"") ""store_returns"".""sr_cdemo_sk"" FROM ""store_returns"" LEFT JOIN ""customer"" ON ""store_returns"".""sr_customer_sk"" = ""customer"".""c_customer_sk"" LEFT JOIN ""web_returns"" ON ""customer"".""c_customer_sk"" = ""web_returns"".""wr_refunded_customer_sk"" LEFT JOIN ""customer_address"" ON ""customer"".""c_current_addr_sk"" = ""customer_address"".""ca_address_sk"" WHERE ""customer"".""c_birth_month"" BETWEEN 1 AND 12 AND ""customer_address"".""ca_zip"" BETWEEN '04736' AND '99981' AND ""web_returns"".""wr_refunded_cdemo_sk"" BETWEEN 19117 AND 1920785 AND ""store_returns"".""sr_return_quantity"" BETWEEN 1 AND 100;"
q81.sql,2,3507583,catalog_page|catalog_returns|date_dim,3,dc4be0b7,ok,"SELECT DISTINCT ON(""catalog_returns"".""cr_returned_date_sk"") ""catalog_returns"".""cr_call_center_sk"" FROM ""catalog_returns"" LEFT JOIN ""date_dim"" ON ""catalog_returns"".""cr_returned_date_sk"" = ""date_dim"".""d_date_sk"" LEFT JOIN ""catalog_page"" ON ""catalog_returns"".""cr_catalog_page_sk"" = ""catalog_page"".""cp_catalog_page_sk"" WHERE ""catalog_returns"".""cr_return_amt_inc_tax"" BETWEEN 0.3 AND 26393.46 AND ""date_dim"".""d_first_dom"" BETWEEN 2415751 AND 2488070 AND ""catalog_page"".""cp_type"" BETWEEN 'bi-annual' AND 'quarterly';"
q82.sql,3,74591232,item|store_sales|web_sales|web_site,4,be7019c9,ok,"SELECT DISTINCT ON(""item"".""i_item_sk"") ""item"".""i_units"" FROM ""item"" LEFT JOIN ""web_sales"" ON ""item"".""i_item_sk"" = ""web_sales"".""ws_item_sk"" LEFT JOIN ""web_site"" ON ""web_sales"".""ws_web_site_sk"" = ""web_site"".""web_site_sk"" LEFT JOIN ""store_sales"" ON ""item"".""i_item_sk"" = ""store_sales"".""ss_item_sk"" WHERE ""web_site"".""web_site_id"" BETWEEN 'AAAAAAAAABAAAAAA' AND 'AAAAAAAAOAAAAAAA' AND ""store_sales"".""ss_net_paid"" BETWEEN 0.0 AND 19443.0 AND ""item"".""i_current_price"" BETWEEN 0.16 AND 99.99 AND ""web_sales"".""ws_ext_ship_cost"" BETWEEN 0.0 AND 14231.25;"
q83.sql,2,4498606,inventory|item|store_returns,3,ae786172,ok,"SELECT DISTINCT ON(""store_returns"".""sr_returned_date_sk"") ""store_returns"".""sr_return_amt_inc_tax"" FROM ""store_returns"" LEFT JOIN ""item"" ON ""store_returns"".""sr_item_sk"" = ""item"".""i_item_sk"" LEFT JOIN ""inventory"" ON ""item"".""i_item_sk"" = ""inventory"".""inv_item_sk"" WHERE ""inventory"".""inv_quantity_on_hand"" BETWEEN 9 AND 1000 AND ""store_returns"".""sr_return_time_sk"" BETWEEN 29119 AND 61199 AND ""item"".""i_current_price"" BETWEEN 0.16 AND 99.99;"
q84.sql,5,16491286,catalog_sales|customer|customer_address|item|web_returns|web_sales,6,2f3687d1,ok,"SELECT DISTINCT ON(""customer"".""c_customer_sk"") ""customer"".""c_current_addr_sk"" FROM ""customer"" LEFT JOIN ""web_returns"" ON ""customer"".""c_customer_sk"" = ""web_returns"".""wr_refunded_customer_sk"" LEFT JOIN ""web_sales"" ON ""customer"".""c_customer_sk"" = ""web_sales"".""ws_bill_customer_sk"" LEFT JOIN ""customer_address"" ON ""customer"".""c_current_addr_sk"" = ""customer_address"".""ca_address_sk"" LEFT JOIN ""catalog_sales"" ON ""customer_address"".""ca_address_sk"" = ""catalog_sales"".""cs_bill_addr_sk"" LEFT JOIN ""item"" ON ""web_sales"".""ws_item_sk"" = ""item"".""i_item_sk"" WHERE ""customer"".""c_first_sales_date_sk"" BETWEEN 2449032 AND 2452648 AND ""web_sales"".""ws_ext_wholesale_cost"" BETWEEN 32.22 AND 10000.0 AND ""customer_address"".""ca_street_type"" BETWEEN 'Ave' AND 'Wy' AND ""web_returns"".""wr_returning_customer_sk"" BETWEEN 997 AND 99999 AND ""item"".""i_class"" BETWEEN 'accessories' AND 'womens watch' AND ""catalog_sales"".""cs_ext_tax"" BETWEEN 0.0 AND 2416.94;"
q85.sql,7,24454203,catalog_returns|catalog_sales|customer_address|customer_demographics|date_dim|web_returns|web_sales|web_site,8,2d87623d,ok,"SELECT DISTINCT ON(""web_sales"".""ws_sold_date_sk"") ""web_sales"".""ws_web_site_sk"" FROM ""web_sales"" LEFT JOIN ""date_dim"" ON ""web_sales"".""ws_sold_date_sk"" = ""date_dim"".""d_date_sk"" LEFT JOIN ""web_site"" ON ""web_sales"".""ws_web_site_sk"" = ""web_site"".""web_site_sk"" LEFT JOIN ""catalog_returns"" ON ""date_dim"".""d_date_sk"" = ""catalog_returns"".""cr_returned_date_sk"" LEFT JOIN ""customer_address"" ON ""web_sales"".""ws_bill_addr_sk"" = ""customer_address"".""ca_address_sk"" LEFT JOIN ""customer_demographics"" ON ""web_sales"".""ws_bill_cdemo_sk"" = ""customer_demographics"".""cd_demo_sk"" LEFT JOIN ""catalog_sales"" ON ""customer_address"".""ca_address_sk"" = ""catalog_sales"".""cs_bill_addr_sk"" LEFT JOIN ""web_returns"" ON ""date_dim"".""d_date_sk"" = ""web_returns"".""wr_returned_date_sk"" WHERE ""customer_demographics"".""cd_education_status"" BETWEEN '2 yr Degree' AND 'Unknown' AND ""customer_address"".""ca_country"" BETWEEN 'United States' AND 'United States' AND ""web_sales"".""ws_net_paid"" BETWEEN 0.0 AND 28538.37 AND ""web_returns"".""wr_refunded_addr_sk"" BETWEEN 505 AND 50000 AND ""catalog_sales"".""cs_ship_customer_sk"" BETWEEN 1025 AND 100000 AND ""catalog_returns"".""cr_returning_addr_sk"" BETWEEN 479 AND 50000 AND ""date_dim"".""d_current_day"" BETWEEN 'N' AND 'N' AND ""web_site"".""web_rec_end_date"" BETWEEN '1999-08-16T00:00:00' AND '2001-08-15';"
q86.sql,2,11982356,customer|customer_address|web_sales,3,626f131b,ok,"SELECT DISTINCT ON(""web_sales"".""ws_sold_date_sk"") ""web_sales"".""ws_promo_sk"" FROM ""web_sales"" LEFT JOIN ""customer_address"" ON ""web_sales"".""ws_bill_addr_sk"" = ""customer_address"".""ca_address_sk"" LEFT JOIN ""customer"" ON ""customer_address"".""ca_address_sk"" = ""customer"".""c_current_addr_sk"" WHERE ""customer"".""c_last_name"" BETWEEN 'Alfred' AND 'Zuniga' AND ""customer_address"".""ca_gmt_offset"" BETWEEN -8.0 AND -5.0 AND ""web_sales"".""ws_warehouse_sk"" BETWEEN 1 AND 5;"
q87.sql,4,3076980,catalog_sales|date_dim|promotion|web_page|web_sales,5,47bce3fa,ok,"SELECT DISTINCT ON(""date_dim"".""d_date_sk"") ""date_dim"".""d_following_holiday"" FROM ""date_dim"" LEFT JOIN ""web_sales"" ON ""date_dim"".""d_date_sk"" = ""web_sales"".""ws_sold_date_sk"" LEFT JOIN ""catalog_sales"" ON ""date_dim"".""d_date_sk"" = ""catalog_sales"".""cs_sold_date_sk"" LEFT JOIN ""promotion"" ON ""catalog_sales"".""cs_promo_sk"" = ""promotion"".""p_promo_sk"" LEFT JOIN ""web_page"" ON ""web_sales"".""ws_web_page_sk"" = ""web_page"".""wp_web_page_sk"" WHERE ""web_sales"".""ws_ship_addr_sk"" BETWEEN 504 AND 50000 AND ""web_page"".""wp_link_count"" BETWEEN 2 AND 25 AND ""promotion"".""p_channel_demo"" BETWEEN 'N' AND 'N' AND ""catalog_sales"".""cs_list_price"" BETWEEN 3.58 AND 300.0 AND ""date_dim"".""d_following_holiday"" BETWEEN 'N' AND 'Y';"
q88.sql,3,547680,customer|household_demographics|store_sales|web_returns,4,b0990272,ok,"SELECT DISTINCT ON(""household_demographics"".""hd_demo_sk"") ""household_demographics"".""hd_vehicle_count"" FROM ""household_demographics"" LEFT JOIN ""customer"" ON ""household_demographics"".""hd_demo_sk"" = ""customer"".""c_current_hdemo_sk"" LEFT JOIN ""store_sales"" ON ""customer"".""c_customer_sk"" = ""store_sales"".""ss_customer_sk"" LEFT JOIN ""web_returns"" ON ""customer"".""c_customer_sk"" = ""web_returns"".""wr_refunded_customer_sk"" WHERE ""household_demographics"".""hd_buy_potential"" BETWEEN '0-500' AND 'Unknown' AND ""customer"".""c_last_review_date_sk"" BETWEEN 2452286 AND 2452648 AND ""store_sales"".""ss_net_profit"" BETWEEN -6524.02 AND 9407.0 AND ""web_returns"".""wr_net_loss"" BETWEEN 21.28 AND 11910.44;"
q89.sql,13,38962712,catalog_returns|catalog_sales|customer|customer_address|customer_demographics|date_dim|inventory|item|store|store_returns|store_sales|time_dim|web_page|web_sales,14,609ec361,ok,"SELECT DISTINCT ON(""store_sales"".""ss_sold_date_sk"") ""store_sales"".""ss_ext_discount_amt"" FROM ""store_sales"" LEFT JOIN ""customer_demographics"" ON ""store_sales"".""ss_cdemo_sk"" = ""customer_demographics"".""cd_demo_sk"" LEFT JOIN ""store"" ON ""store_sales"".""ss_store_sk"" = ""store"".""s_store_sk"" LEFT JOIN ""date_dim"" ON ""store_sales"".""ss_sold_date_sk"" = ""date_dim"".""d_date_sk"" LEFT JOIN ""web_sales"" ON ""customer_demographics"".""cd_demo_sk"" = ""web_sales"".""ws_bill_cdemo_sk"" LEFT JOIN ""customer"" ON ""web_sales"".""ws_bill_customer_sk"" = ""customer"".""c_customer_sk"" LEFT JOIN ""catalog_sales"" ON ""customer"".""c_customer_sk"" = ""catalog_sales"".""cs_bill_customer_sk"" LEFT JOIN ""time_dim"" ON ""store_sales"".""ss_sold_time_sk"" = ""time_dim"".""t_time_sk"" LEFT JOIN ""item"" ON ""catalog_sales"".""cs_item_sk"" = ""item"".""i_item_sk"" LEFT JOIN ""customer_address"" ON ""web_sales"".""ws_bill_addr_sk"" = ""customer_address"".""ca_address_sk"" LEFT JOIN ""catalog_returns"" ON ""item"".""i_item_sk"" = ""catalog_returns"".""cr_item_sk"" LEFT JOIN ""web_page"" ON ""web_sales"".""ws_web_page_sk"" = ""web_page"".""wp_web_page_sk"" LEFT JOIN ""store_returns"" ON ""customer"".""c_customer_sk"" = ""store_returns"".""sr_customer_sk"" LEFT JOIN ""inventory"" ON ""item"".""i_item_sk"" = ""inventory"".""inv_item_sk"" WHERE ""customer_demographics"".""cd_dep_college_count"" BETWEEN 0 AND 6 AND ""store"".""s_geography_class"" BETWEEN 'Unknown' AND 'Unknown' AND ""store_returns"".""sr_hdemo_sk"" BETWEEN 74 AND 7200 AND ""customer_address"".""ca_location_type"" BETWEEN 'apartment' AND 'single family' AND ""inventory"".""inv_quantity_on_hand"" BETWEEN 9 AND 1000 AND ""web_page"".""wp_autogen_flag"" BETWEEN 'N' AND 'Y' AND ""time_dim"".""t_time"" BETWEEN 863 AND 86399 AND ""item"".""i_manufact"" BETWEEN 'ableablepri' AND 'pripripri' AND ""catalog_sales"".""cs_net_paid_inc_tax"" BETWEEN 0.0 AND 30261.56 AND ""catalog_returns"".""cr_returning_cdemo_sk"" BETWEEN 20102 AND 1920793 AND ""store_sales"".""ss_ticket_number"" BETWEEN 2400 AND 240000 AND ""customer"".""c_customer_id"" BETWEEN 'AAAAAAAAACILAAAA' AND 'AAAAAAAAPPPPAAAA' AND ""date_dim"".""d_date_id"" BETWEEN 'AAAAAAAAACIOFCAA' AND 'AAAAAAAAPPPPECAA' AND ""web_sales"".""ws_net_profit"" BETWEEN -6321.86 AND 18864.56;"
q90.sql,3,548100,customer|household_demographics|income_band|web_sales,4,49dcf1c5,ok,"SELECT DISTINCT ON(""household_demographics"".""hd_demo_sk"") ""household_demographics"".""hd_dep_count"" FROM ""household_demographics"" LEFT JOIN ""income_band"" ON ""household_demographics"".""hd_income_band_sk"" = ""income_band"".""ib_income_band_sk"" LEFT JOIN ""customer"" ON ""household_demographics"".""hd_demo_sk"" = ""customer"".""c_current_hdemo_sk"" LEFT JOIN ""web_sales"" ON ""household_demographics"".""hd_demo_sk"" = ""web_sales"".""ws_bill_hdemo_sk"" WHERE ""household_demographics"".""hd_dep_count"" BETWEEN 0 AND 9 AND ""customer"".""c_login"" BETWEEN '' AND '' AND ""income_band"".""ib_upper_bound"" BETWEEN 11900 AND 200000 AND ""web_sales"".""ws_net_paid_inc_tax"" BETWEEN 0.0 AND 30821.43;"
q91.sql,6,16669183,call_center,1,3d538fc0,ok,"SELECT DISTINCT ON(""call_center"".""cc_call_center_sk"") ""call_center"".""cc_rec_start_date"" FROM ""call_center"" WHERE ""call_center"".""cc_name"" BETWEEN 'Mid Atlantic' AND 'North Midwest';"
q92.sql,2,11982356,catalog_sales|customer|web_sales,3,b0f86629,ok,"SELECT DISTINCT ON(""web_sales"".""ws_sold_date_sk"") ""web_sales"".""ws_sold_date_sk"" FROM ""web_sales"" LEFT JOIN ""customer"" ON ""web_sales"".""ws_bill_customer_sk"" = ""customer"".""c_customer_sk"" LEFT JOIN ""catalog_sales"" ON ""customer"".""c_customer_sk"" = ""catalog_sales"".""cs_bill_customer_sk"" WHERE ""customer"".""c_customer_id"" BETWEEN 'AAAAAAAAACILAAAA' AND 'AAAAAAAAPPPPAAAA' AND ""web_sales"".""ws_ext_discount_amt"" BETWEEN 0.1 AND 29317.0 AND ""catalog_sales"".""cs_ext_tax"" BETWEEN 0.0 AND 2416.94;"
q93.sql,4,2611626,household_demographics|inventory|item|store_returns|store_sales,5,14a8afe3,ok,"SELECT DISTINCT ON(""store_returns"".""sr_returned_date_sk"") ""store_returns"".""sr_return_quantity"" FROM ""store_returns"" LEFT JOIN ""item"" ON ""store_returns"".""sr_item_sk"" = ""item"".""i_item_sk"" LEFT JOIN ""store_sales"" ON ""item"".""i_item_sk"" = ""store_sales"".""ss_item_sk"" LEFT JOIN ""inventory"" ON ""item"".""i_item_sk"" = ""inventory"".""inv_item_sk"" LEFT JOIN ""household_demographics"" ON ""store_sales"".""ss_hdemo_sk"" = ""household_demographics"".""hd_demo_sk"" WHERE ""inventory"".""inv_quantity_on_hand"" BETWEEN 9 AND 1000 AND ""store_returns"".""sr_fee"" BETWEEN 1.47 AND 100.0 AND ""item"".""i_class_id"" BETWEEN 1 AND 16 AND ""household_demographics"".""hd_vehicle_count"" BETWEEN -1 AND 4 AND ""store_sales"".""ss_ext_wholesale_cost"" BETWEEN 32.04 AND 10000.0;"
q94.sql,3,12283256,customer_demographics|date_dim|web_returns|web_sales,4,4b7fdb66,ok,"SELECT DISTINCT ON(""web_sales"".""ws_sold_date_sk"") ""web_sales"".""ws_ship_addr_sk"" FROM ""web_sales"" LEFT JOIN ""date_dim"" ON ""web_sales"".""ws_sold_date_sk"" = ""date_dim"".""d_date_sk"" LEFT JOIN ""web_returns"" ON ""date_dim"".""d_date_sk"" = ""web_returns"".""wr_returned_date_sk"" LEFT JOIN ""customer_demographics"" ON ""web_sales"".""ws_bill_cdemo_sk"" = ""customer_demographics"".""cd_demo_sk"" WHERE ""date_dim"".""d_quarter_name"" BETWEEN '1902Q1' AND '2100Q1' AND ""customer_demographics"".""cd_purchase_estimate"" BETWEEN 500 AND 10000 AND ""web_sales"".""ws_ship_date_sk"" BETWEEN 2450903 AND 2452762 AND ""web_returns"".""wr_fee"" BETWEEN 1.56 AND 100.0;"
q95.sql,1,10071376,customer|web_sales,2,7692e822,ok,"SELECT DISTINCT ON(""web_sales"".""ws_sold_date_sk"") ""web_sales"".""ws_bill_hdemo_sk"" FROM ""web_sales"" LEFT JOIN ""customer"" ON ""web_sales"".""ws_bill_customer_sk"" = ""customer"".""c_customer_sk"" WHERE ""customer"".""c_birth_year"" BETWEEN 1924 AND 1992 AND ""web_sales"".""ws_ship_mode_sk"" BETWEEN 1 AND 20;"
q96.sql,3,37992932,customer_address|date_dim|store_returns|store_sales,4,10753807,ok,"SELECT DISTINCT ON(""store_sales"".""ss_sold_date_sk"") ""store_sales"".""ss_wholesale_cost"" FROM ""store_sales"" LEFT JOIN ""date_dim"" ON ""store_sales"".""ss_sold_date_sk"" = ""date_dim"".""d_date_sk"" LEFT JOIN ""customer_address"" ON ""store_sales"".""ss_addr_sk"" = ""customer_address"".""ca_address_sk"" LEFT JOIN ""store_returns"" ON ""date_dim"".""d_date_sk"" = ""store_returns"".""sr_returned_date_sk"" WHERE ""date_dim"".""d_following_holiday"" BETWEEN 'N' AND 'Y' AND ""store_sales"".""ss_list_price"" BETWEEN 2.85 AND 200.0 AND ""customer_address"".""ca_address_id"" BETWEEN 'AAAAAAAAACIIAAAA' AND 'AAAAAAAAPPPLAAAA' AND ""store_returns"".""sr_net_loss"" BETWEEN 19.24 AND 9218.97;"
q97.sql,2,38914232,item|store_returns|store_sales,3,8771d878,ok,"SELECT DISTINCT ON(""store_sales"".""ss_sold_date_sk"") ""store_sales"".""ss_sold_time_sk"" FROM ""store_sales"" LEFT JOIN ""item"" ON ""store_sales"".""ss_item_sk"" = ""item"".""i_item_sk"" LEFT JOIN ""store_returns"" ON ""item"".""i_item_sk"" = ""store_returns"".""sr_item_sk"" WHERE ""store_returns"".""sr_store_credit"" BETWEEN 0.0 AND 11761.45 AND ""item"".""i_manufact_id"" BETWEEN 7 AND 1000 AND ""store_sales"".""ss_list_price"" BETWEEN 2.85 AND 200.0;"
q98.sql,2,39356232,customer|store|store_sales,3,c53770bf,ok,"SELECT DISTINCT ON(""store_sales"".""ss_sold_date_sk"") ""store_sales"".""ss_net_paid_inc_tax"" FROM ""store_sales"" LEFT JOIN ""store"" ON ""store_sales"".""ss_store_sk"" = ""store"".""s_store_sk"" LEFT JOIN ""customer"" ON ""store_sales"".""ss_customer_sk"" = ""customer"".""c_customer_sk"" WHERE ""customer"".""c_birth_day"" BETWEEN 1 AND 31 AND ""store_sales"".""ss_list_price"" BETWEEN 2.85 AND 200.0 AND ""store"".""s_company_id"" BETWEEN 1 AND 1;"
q99.sql,7,21650812,catalog_sales|customer|customer_address|customer_demographics|item|store_returns|store_sales|web_sales,8,976fb52a,ok,"SELECT DISTINCT ON(""catalog_sales"".""cs_sold_date_sk"") ""catalog_sales"".""cs_ship_mode_sk"" FROM ""catalog_sales"" LEFT JOIN ""customer_demographics"" ON ""catalog_sales"".""cs_bill_cdemo_sk"" = ""customer_demographics"".""cd_demo_sk"" LEFT JOIN ""item"" ON ""catalog_sales"".""cs_item_sk"" = ""item"".""i_item_sk"" LEFT JOIN ""store_returns"" ON ""item"".""i_item_sk"" = ""store_returns"".""sr_item_sk"" LEFT JOIN ""store_sales"" ON ""item"".""i_item_sk"" = ""store_sales"".""ss_item_sk"" LEFT JOIN ""customer"" ON ""catalog_sales"".""cs_bill_customer_sk"" = ""customer"".""c_customer_sk"" LEFT JOIN ""customer_address"" ON ""customer"".""c_current_addr_sk"" = ""customer_address"".""ca_address_sk"" LEFT JOIN ""web_sales"" ON ""customer_demographics"".""cd_demo_sk"" = ""web_sales"".""ws_bill_cdemo_sk"" WHERE ""customer_demographics"".""cd_purchase_estimate"" BETWEEN 500 AND 10000 AND ""store_returns"".""sr_return_quantity"" BETWEEN 1 AND 100 AND ""customer_address"".""ca_country"" BETWEEN 'United States' AND 'United States' AND ""item"".""i_category_id"" BETWEEN 1 AND 10 AND ""catalog_sales"".""cs_ship_mode_sk"" BETWEEN 1 AND 20 AND ""store_sales"".""ss_ticket_number"" BETWEEN 2400 AND 240000 AND ""customer"".""c_customer_id"" BETWEEN 'AAAAAAAAACILAAAA' AND 'AAAAAAAAPPPPAAAA' AND ""web_sales"".""ws_sold_time_sk"" BETWEEN 3651 AND 86367;"
