query_file,join_count,bytes_read,target_tables,n_tables,query_hash,gen_status,sql
q01.sql,0,1079748936,lineitem,1,8d20285c,ok,"SELECT DISTINCT ON(""lineitem"".""l_orderkey"", ""lineitem"".""l_linenumber"") ""lineitem"".""l_partkey"" FROM ""lineitem"" WHERE ""lineitem"".""l_comment"" BETWEEN 'against the ironic depths-- fluffily' AND 'zzle? carefully regular dinos de';"
q02.sql,4,123500145,lineitem|orders|part|partsupp|supplier,5,6f55c91f,ok,"SELECT DISTINCT ON(""part"".""p_partkey"") ""part"".""p_type"" FROM ""part"" LEFT JOIN ""partsupp"" ON ""part"".""p_partkey"" = ""partsupp"".""ps_partkey"" LEFT JOIN ""supplier"" ON ""partsupp"".""ps_suppkey"" = ""supplier"".""s_suppkey"" LEFT JOIN ""lineitem"" ON ""part"".""p_partkey"" = ""lineitem"".""l_partkey"" LEFT JOIN ""orders"" ON ""lineitem"".""l_orderkey"" = ""orders"".""o_orderkey"" WHERE ""supplier"".""s_comment"" BETWEEN 'along the blithely bold pinto beans nag accounts.' AND 'zzle? carefully regular dinos detect furiously. furiously slow requests afte' AND ""partsupp"".""ps_comment"" BETWEEN 'against the packages. quickly final forges wake. slyly pending platelets against the slyly regula' AND 'zzle? furiously ironic packages are silently. carefully pending theodolites wake carefully blithely regular courts. final accou' AND ""lineitem"".""l_returnflag"" BETWEEN 'A' AND 'R' AND ""part"".""p_container"" BETWEEN 'JUMBO BAG' AND 'WRAP PKG' AND ""orders"".""o_shippriority"" BETWEEN 0 AND 0;"
q03.sql,2,1271748936,customer|nation|orders,3,895bd732,ok,"SELECT DISTINCT ON(""customer"".""c_custkey"") ""customer"".""c_nationkey"" FROM ""customer"" LEFT JOIN ""orders"" ON ""customer"".""c_custkey"" = ""orders"".""o_custkey"" LEFT JOIN ""nation"" ON ""customer"".""c_nationkey"" = ""nation"".""n_nationkey"" WHERE ""customer"".""c_address"" BETWEEN 'dfIHY7RQrBwAopffjy7BW5F0OXBWICmGM0Fw0L' AND 'zzzjqjNcu5OBHKYLp2GTx0V3' AND ""orders"".""o_comment"" BETWEEN 'against the packages. carefully unusual deposits above the ir' AND 'zzle: slyly even ideas wake furiously across the ironic p' AND ""nation"".""n_name"" BETWEEN 'ALGERIA' AND 'VIETNAM';"
q04.sql,0,165000000,orders,1,e4947ae5,ok,"SELECT DISTINCT ON(""orders"".""o_orderkey"") ""orders"".""o_shippriority"" FROM ""orders"" WHERE ""orders"".""o_clerk"" BETWEEN 'Clerk#000000100' AND 'Clerk#000010000';"
q05.sql,5,1273249081,customer|lineitem|nation|orders|region|supplier,6,299a62c6,ok,"SELECT DISTINCT ON(""customer"".""c_custkey"") ""customer"".""c_custkey"" FROM ""customer"" LEFT JOIN ""orders"" ON ""customer"".""c_custkey"" = ""orders"".""o_custkey"" LEFT JOIN ""nation"" ON ""customer"".""c_nationkey"" = ""nation"".""n_nationkey"" LEFT JOIN ""lineitem"" ON ""orders"".""o_orderkey"" = ""lineitem"".""l_orderkey"" LEFT JOIN ""supplier"" ON ""lineitem"".""l_suppkey"" = ""supplier"".""s_suppkey"" LEFT JOIN ""region"" ON ""nation"".""n_regionkey"" = ""region"".""r_regionkey"" WHERE ""customer"".""c_mktsegment"" BETWEEN 'AUTOMOBILE' AND 'MACHINERY' AND ""orders"".""o_shippriority"" BETWEEN 0 AND 0 AND ""supplier"".""s_acctbal"" BETWEEN -891.74 AND 9999.93 AND ""nation"".""n_name"" BETWEEN 'ALGERIA' AND 'VIETNAM' AND ""region"".""r_name"" BETWEEN 'AFRICA' AND 'MIDDLE EAST' AND ""lineitem"".""l_comment"" BETWEEN 'against the ironic depths-- fluffily' AND 'zzle? carefully regular dinos de';"
q06.sql,0,1079748936,lineitem,1,457799ba,ok,"SELECT DISTINCT ON(""lineitem"".""l_orderkey"", ""lineitem"".""l_linenumber"") ""lineitem"".""l_linestatus"" FROM ""lineitem"" WHERE ""lineitem"".""l_receiptdate"" BETWEEN '1992-04-01T00:00:00' AND '1998-12-30';"
q07.sql,8,1271773061,customer|lineitem|nation|orders|part|partsupp|region|supplier,8,d295e1f6,ok,"SELECT DISTINCT ON(""lineitem"".""l_orderkey"", ""lineitem"".""l_linenumber"") ""lineitem"".""l_tax"" FROM ""lineitem"" LEFT JOIN ""orders"" ON ""lineitem"".""l_orderkey"" = ""orders"".""o_orderkey"" LEFT JOIN ""customer"" ON ""orders"".""o_custkey"" = ""customer"".""c_custkey"" LEFT JOIN ""part"" ON ""lineitem"".""l_partkey"" = ""part"".""p_partkey"" LEFT JOIN ""nation"" ON ""customer"".""c_nationkey"" = ""nation"".""n_nationkey"" LEFT JOIN ""supplier"" ON ""lineitem"".""l_suppkey"" = ""supplier"".""s_suppkey"" LEFT JOIN ""partsupp"" ON ""supplier"".""s_suppkey"" = ""partsupp"".""ps_suppkey"" LEFT JOIN ""region"" ON ""nation"".""n_regionkey"" = ""region"".""r_regionkey"" WHERE ""customer"".""c_comment"" BETWEEN 'against the pinto beans haggle carefully after the furiously regular requests. final f' AND 'zzle; fluffily special accounts cajole-- special packages grow quickly' AND ""orders"".""o_shippriority"" BETWEEN 0 AND 0 AND ""nation"".""n_name"" BETWEEN 'ALGERIA' AND 'VIETNAM' AND ""supplier"".""s_acctbal"" BETWEEN -891.74 AND 9999.93 AND ""region"".""r_comment"" BETWEEN 'foxes boost furiously along the carefully dogged tithes. slyly regular orbits according to the special epit' AND 's are. furiously even pinto bea' AND ""part"".""p_name"" BETWEEN 'almond thistle gainsboro drab lemon' AND 'yellow white wheat peach aquamarine' AND ""lineitem"".""l_receiptdate"" BETWEEN '1992-04-01T00:00:00' AND '1998-12-30' AND ""partsupp"".""ps_supplycost"" BETWEEN 10.87 AND 1000.0;"
q08.sql,9,1273265081,customer|lineitem|nation|orders|part|partsupp|region|supplier,8,de5e673b,ok,"SELECT DISTINCT ON(""supplier"".""s_suppkey"") ""supplier"".""s_comment"" FROM ""supplier"" LEFT JOIN ""lineitem"" ON ""supplier"".""s_suppkey"" = ""lineitem"".""l_suppkey"" LEFT JOIN ""partsupp"" ON ""supplier"".""s_suppkey"" = ""partsupp"".""ps_suppkey"" LEFT JOIN ""nation"" ON ""supplier"".""s_nationkey"" = ""nation"".""n_nationkey"" LEFT JOIN ""orders"" ON ""lineitem"".""l_orderkey"" = ""orders"".""o_orderkey"" LEFT JOIN ""part"" ON ""lineitem"".""l_partkey"" = ""part"".""p_partkey"" LEFT JOIN ""region"" ON ""nation"".""n_regionkey"" = ""region"".""r_regionkey"" LEFT JOIN ""customer"" ON ""nation"".""n_nationkey"" = ""customer"".""c_nationkey"" WHERE ""supplier"".""s_comment"" BETWEEN 'along the blithely bold pinto beans nag accounts.' AND 'zzle? carefully regular dinos detect furiously. furiously slow requests afte' AND ""partsupp"".""ps_availqty"" BETWEEN 102 AND 9999 AND ""lineitem"".""l_comment"" BETWEEN 'against the ironic depths-- fluffily' AND 'zzle? carefully regular dinos de' AND ""part"".""p_size"" BETWEEN 1 AND 50 AND ""nation"".""n_comment"" BETWEEN 'beans after the carefully regular accounts r' AND 'usly ironic, pending foxes. even, special instructions nag. sly, final foxes detect slyly fluffily' AND ""customer"".""c_phone"" BETWEEN '10-322-791-5929' AND '34-999-998-5763' AND ""orders"".""o_orderstatus"" BETWEEN 'F' AND 'P' AND ""region"".""r_comment"" BETWEEN 'foxes boost furiously along the carefully dogged tithes. slyly regular orbits according to the special epit' AND 's are. furiously even pinto bea';"
q09.sql,7,1342265061,customer|lineitem|nation|orders|part|partsupp|region|supplier,8,285b064c,ok,"SELECT DISTINCT ON(""supplier"".""s_suppkey"") ""supplier"".""s_phone"" FROM ""supplier"" LEFT JOIN ""lineitem"" ON ""supplier"".""s_suppkey"" = ""lineitem"".""l_suppkey"" LEFT JOIN ""orders"" ON ""lineitem"".""l_orderkey"" = ""orders"".""o_orderkey"" LEFT JOIN ""part"" ON ""lineitem"".""l_partkey"" = ""part"".""p_partkey"" LEFT JOIN ""nation"" ON ""supplier"".""s_nationkey"" = ""nation"".""n_nationkey"" LEFT JOIN ""partsupp"" ON ""supplier"".""s_suppkey"" = ""partsupp"".""ps_suppkey"" LEFT JOIN ""region"" ON ""nation"".""n_regionkey"" = ""region"".""r_regionkey"" LEFT JOIN ""customer"" ON ""nation"".""n_nationkey"" = ""customer"".""c_nationkey"" WHERE ""customer"".""c_mktsegment"" BETWEEN 'AUTOMOBILE' AND 'MACHINERY' AND ""orders"".""o_orderpriority"" BETWEEN '1-URGENT' AND '5-LOW' AND ""nation"".""n_comment"" BETWEEN 'beans after the carefully regular accounts r' AND 'usly ironic, pending foxes. even, special instructions nag. sly, final foxes detect slyly fluffily' AND ""supplier"".""s_name"" BETWEEN 'Supplier#000001000' AND 'Supplier#000100000' AND ""region"".""r_comment"" BETWEEN 'foxes boost furiously along the carefully dogged tithes. slyly regular orbits according to the special epit' AND 's are. furiously even pinto bea' AND ""part"".""p_retailprice"" BETWEEN 962.97 AND 2098.99 AND ""lineitem"".""l_commitdate"" BETWEEN '1992-03-24T00:00:00' AND '1998-10-31' AND ""partsupp"".""ps_availqty"" BETWEEN 102 AND 9999;"
q10.sql,3,1271749061,customer|nation|orders|supplier,4,83bc5efe,ok,"SELECT DISTINCT ON(""customer"".""c_custkey"") ""customer"".""c_name"" FROM ""customer"" LEFT JOIN ""nation"" ON ""customer"".""c_nationkey"" = ""nation"".""n_nationkey"" LEFT JOIN ""orders"" ON ""customer"".""c_custkey"" = ""orders"".""o_custkey"" LEFT JOIN ""supplier"" ON ""nation"".""n_nationkey"" = ""supplier"".""s_nationkey"" WHERE ""nation"".""n_name"" BETWEEN 'ALGERIA' AND 'VIETNAM' AND ""customer"".""c_address"" BETWEEN 'dfIHY7RQrBwAopffjy7BW5F0OXBWICmGM0Fw0L' AND 'zzzjqjNcu5OBHKYLp2GTx0V3' AND ""supplier"".""s_phone"" BETWEEN '10-325-780-4632' AND '34-998-900-4911' AND ""orders"".""o_orderstatus"" BETWEEN 'F' AND 'P';"
q11.sql,2,97500125,part|partsupp|supplier,3,eb35eaf1,ok,"SELECT DISTINCT ON(""partsupp"".""ps_partkey"", ""partsupp"".""ps_suppkey"") ""partsupp"".""ps_suppkey"" FROM ""partsupp"" LEFT JOIN ""part"" ON ""partsupp"".""ps_partkey"" = ""part"".""p_partkey"" LEFT JOIN ""supplier"" ON ""partsupp"".""ps_suppkey"" = ""supplier"".""s_suppkey"" WHERE ""partsupp"".""ps_supplycost"" BETWEEN 10.87 AND 1000.0 AND ""supplier"".""s_comment"" BETWEEN 'along the blithely bold pinto beans nag accounts.' AND 'zzle? carefully regular dinos detect furiously. furiously slow requests afte' AND ""part"".""p_name"" BETWEEN 'almond thistle gainsboro drab lemon' AND 'yellow white wheat peach aquamarine';"
q12.sql,1,1244748936,customer|orders,2,e3836ee3,ok,"SELECT DISTINCT ON(""orders"".""o_orderkey"") ""orders"".""o_totalprice"" FROM ""orders"" LEFT JOIN ""customer"" ON ""orders"".""o_custkey"" = ""customer"".""c_custkey"" WHERE ""customer"".""c_acctbal"" BETWEEN -889.93 AND 9999.99 AND ""orders"".""o_shippriority"" BETWEEN 0 AND 0;"
q13.sql,2,165008000,lineitem|orders|part,3,68d28857,ok,"SELECT DISTINCT ON(""orders"".""o_orderkey"") ""orders"".""o_orderstatus"" FROM ""orders"" LEFT JOIN ""lineitem"" ON ""orders"".""o_orderkey"" = ""lineitem"".""l_orderkey"" LEFT JOIN ""part"" ON ""lineitem"".""l_partkey"" = ""part"".""p_partkey"" WHERE ""lineitem"".""l_shipmode"" BETWEEN 'AIR' AND 'TRUCK' AND ""orders"".""o_orderstatus"" BETWEEN 'F' AND 'P' AND ""part"".""p_retailprice"" BETWEEN 962.97 AND 2098.99;"
q14.sql,1,1105748936,lineitem|supplier,2,6d12400a,ok,"SELECT DISTINCT ON(""lineitem"".""l_orderkey"", ""lineitem"".""l_linenumber"") ""lineitem"".""l_extendedprice"" FROM ""lineitem"" LEFT JOIN ""supplier"" ON ""lineitem"".""l_suppkey"" = ""supplier"".""s_suppkey"" WHERE ""lineitem"".""l_tax"" BETWEEN 0.0 AND 0.08 AND ""supplier"".""s_name"" BETWEEN 'Supplier#000001000' AND 'Supplier#000100000';"
q15.sql,0,1079748936,lineitem,1,ddfdc1f9,ok,"SELECT DISTINCT ON(""lineitem"".""l_orderkey"", ""lineitem"".""l_linenumber"") ""lineitem"".""l_shipinstruct"" FROM ""lineitem"" WHERE ""lineitem"".""l_linestatus"" BETWEEN 'F' AND 'O';"
q16.sql,1,122000000,part|partsupp,2,13ecc59e,ok,"SELECT DISTINCT ON(""partsupp"".""ps_partkey"", ""partsupp"".""ps_suppkey"") ""partsupp"".""ps_suppkey"" FROM ""partsupp"" LEFT JOIN ""part"" ON ""partsupp"".""ps_partkey"" = ""part"".""p_partkey"" WHERE ""partsupp"".""ps_comment"" BETWEEN 'against the packages. quickly final forges wake. slyly pending platelets against the slyly regula' AND 'zzle? furiously ironic packages are silently. carefully pending theodolites wake carefully blithely regular courts. final accou' AND ""part"".""p_mfgr"" BETWEEN 'Manufacturer#1' AND 'Manufacturer#5';"
q17.sql,1,1105748936,lineitem|supplier,2,a922a724,ok,"SELECT DISTINCT ON(""lineitem"".""l_orderkey"", ""lineitem"".""l_linenumber"") ""lineitem"".""l_receiptdate"" FROM ""lineitem"" LEFT JOIN ""supplier"" ON ""lineitem"".""l_suppkey"" = ""supplier"".""s_suppkey"" WHERE ""lineitem"".""l_tax"" BETWEEN 0.0 AND 0.08 AND ""supplier"".""s_address"" BETWEEN 'eVjt4c7wnYxO,MK0' AND 'zzzqXhTdKxT0RAR8yxbcSW8jB5SwfH7wz';"
q18.sql,2,1271748936,customer|nation|orders,3,8e51f19a,ok,"SELECT DISTINCT ON(""customer"".""c_custkey"") ""customer"".""c_name"" FROM ""customer"" LEFT JOIN ""orders"" ON ""customer"".""c_custkey"" = ""orders"".""o_custkey"" LEFT JOIN ""nation"" ON ""customer"".""c_nationkey"" = ""nation"".""n_nationkey"" WHERE ""nation"".""n_comment"" BETWEEN 'beans after the carefully regular accounts r' AND 'usly ironic, pending foxes. even, special instructions nag. sly, final foxes detect slyly fluffily' AND ""customer"".""c_name"" BETWEEN 'Customer#000015000' AND 'Customer#001500000' AND ""orders"".""o_shippriority"" BETWEEN 0 AND 0;"
q19.sql,1,1105748936,lineitem|part,2,7587cff2,ok,"SELECT DISTINCT ON(""lineitem"".""l_orderkey"", ""lineitem"".""l_linenumber"") ""lineitem"".""l_shipdate"" FROM ""lineitem"" LEFT JOIN ""part"" ON ""lineitem"".""l_partkey"" = ""part"".""p_partkey"" WHERE ""lineitem"".""l_returnflag"" BETWEEN 'A' AND 'R' AND ""part"".""p_brand"" BETWEEN 'Brand#11' AND 'Brand#55';"
q20.sql,1,1500125,nation|supplier,2,3759e8f4,ok,"SELECT DISTINCT ON(""supplier"".""s_suppkey"") ""supplier"".""s_nationkey"" FROM ""supplier"" LEFT JOIN ""nation"" ON ""supplier"".""s_nationkey"" = ""nation"".""n_nationkey"" WHERE ""nation"".""n_comment"" BETWEEN 'beans after the carefully regular accounts r' AND 'usly ironic, pending foxes. even, special instructions nag. sly, final foxes detect slyly fluffily' AND ""supplier"".""s_acctbal"" BETWEEN -891.74 AND 9999.93;"
q21.sql,3,1246249061,customer|lineitem|orders|supplier,4,12a0a18b,ok,"SELECT DISTINCT ON(""supplier"".""s_suppkey"") ""supplier"".""s_phone"" FROM ""supplier"" LEFT JOIN ""lineitem"" ON ""supplier"".""s_suppkey"" = ""lineitem"".""l_suppkey"" LEFT JOIN ""orders"" ON ""lineitem"".""l_orderkey"" = ""orders"".""o_orderkey"" LEFT JOIN ""customer"" ON ""orders"".""o_custkey"" = ""customer"".""c_custkey"" WHERE ""lineitem"".""l_linestatus"" BETWEEN 'F' AND 'O' AND ""customer"".""c_mktsegment"" BETWEEN 'AUTOMOBILE' AND 'MACHINERY' AND ""orders"".""o_totalprice"" BETWEEN 5585.51 AND 537993.05 AND ""supplier"".""s_address"" BETWEEN 'eVjt4c7wnYxO,MK0' AND 'zzzqXhTdKxT0RAR8yxbcSW8jB5SwfH7wz';"
q22.sql,1,8000,customer|orders,2,7b5c2284,ok,"SELECT DISTINCT ON(""customer"".""c_custkey"") ""customer"".""c_acctbal"" FROM ""customer"" LEFT JOIN ""orders"" ON ""customer"".""c_custkey"" = ""orders"".""o_custkey"" WHERE ""customer"".""c_name"" BETWEEN 'Customer#000015000' AND 'Customer#001500000' AND ""orders"".""o_orderdate"" BETWEEN '1992-01-25T00:00:00' AND '1998-08-02';"
